$SPEC_ID:
24Nov12 calibration check
$SPEC_REM:
DET# 1
DETDESC# DSPP-195
AP# GammaVision Version 5.31
$DATE_MEA:
11/19/2024 16:00:47
$MEAS_TIM:
518 625
$DATA:
0 16383
       0
       0
       0
       0
       0
       0
       0
       0
       0
       1
       0
       0
       0
       2
       0
       0
       1
       4
       2
       0
       2
       0
       1
       0
       1
       2
       4
       3
       1
       1
       1
       2
       3
       2
       3
       0
       4
       2
       3
       6
       2
       6
       2
       1
       6
       8
       6
      10
      18
     166
     671
     956
    1050
    1039
     988
    1068
    1075
    1037
    1074
    1103
    1059
    1033
    1161
    1067
    1142
    1110
    1141
    1156
    1150
    1135
    1175
    1161
    1181
    1261
    1202
    1215
    1244
    1278
    1212
    1237
    1308
    1279
    1314
    1309
    1301
    1254
    1303
    1286
    1306
    1306
    1298
    1361
    1391
    1364
    1337
    1342
    1340
    1349
    1338
    1352
    1361
    1340
    1379
    1434
    1417
    1428
    1371
    1381
    1401
    1450
    1345
    1378
    1358
    1388
    1389
    1480
    1394
    1399
    1498
    1447
    1480
    1491
    1502
    1462
    1445
    1435
    1418
    1430
    1458
    1450
    1410
    1396
    1373
    1496
    1475
    1492
    1386
    1425
    1498
    1452
    1476
    1393
    1328
    1439
    1389
    1465
    1450
    1451
    1415
    1337
    1468
    1438
    1405
    1503
    1467
    1407
    1575
    1508
    1527
    1465
    1495
    1531
    1509
    1464
    1495
    1492
    1456
    1512
    1498
    1441
    1439
    1523
    1520
    1481
    1462
    1514
    1523
    1550
    1475
    1488
    1481
    1473
    1409
    1605
    1532
    1475
    1477
    1523
    1442
    1536
    1531
    1555
    1450
    1562
    1449
    1516
    1542
    1519
    1547
    1546
    1495
    1561
    1555
    1507
    1533
    1556
    1550
    1548
    1550
    1529
    1588
    1506
    1507
    1540
    1516
    1548
    1572
    1568
    1567
    1606
    1626
    1593
    1587
    1600
    1547
    1546
    1553
    1532
    1574
    1538
    1594
    1559
    1583
    1581
    1646
    1544
    1543
    1563
    1574
    1642
    1651
    1572
    1622
    1573
    1626
    1580
    1616
    1613
    1595
    1610
    1619
    1588
    1526
    1709
    1620
    1622
    1566
    1648
    1607
    1598
    1636
    1615
    1603
    1615
    1691
    1577
    1613
    1574
    1622
    1632
    1644
    1632
    1641
    1605
    1668
    1646
    1655
    1617
    1485
    1664
    1606
    1602
    1678
    1684
    1604
    1642
    1607
    1626
    1643
    1646
    1734
    1791
    1832
    1834
    1955
    1883
    1733
    1696
    1643
    1619
    1615
    1646
    1594
    1623
    1694
    1640
    1666
    1623
    1646
    1603
    1595
    1705
    1611
    1600
    1563
    1544
    1628
    1618
    1582
    1658
    1620
    1590
    1582
    1630
    1622
    1565
    1647
    1671
    1633
    1573
    1581
    1596
    1591
    1567
    1541
    1655
    1695
    1594
    1642
    1608
    1547
    1638
    1577
    1593
    1576
    1627
    1588
    1601
    1562
    1633
    1574
    1589
    1615
    1491
    1613
    1610
    1601
    1531
    1513
    1616
    1579
    1518
    1577
    1577
    1563
    1553
    1611
    1687
    1560
    1522
    1577
    1633
    1661
    1620
    1587
    1618
    1657
    1664
    1648
    1564
    1541
    1606
    1691
    1632
    1604
    1662
    1576
    1627
    1590
    1548
    1626
    1613
    1615
    1549
    1565
    1568
    1586
    1542
    1541
    1544
    1597
    1482
    1587
    1577
    1563
    1505
    1612
    1577
    1558
    1590
    1596
    1554
    1579
    1508
    1562
    1550
    1546
    1544
    1580
    1564
    1605
    1533
    1493
    1567
    1536
    1558
    1526
    1555
    1505
    1572
    1473
    1484
    1480
    1540
    1519
    1503
    1498
    1461
    1494
    1530
    1504
    1533
    1570
    1478
    1583
    1562
    1512
    1447
    1511
    1488
    1456
    1532
    1499
    1511
    1521
    1509
    1496
    1518
    1566
    1486
    1567
    1441
    1528
    1571
    1453
    1440
    1483
    1484
    1444
    1410
    1445
    1423
    1463
    1470
    1484
    1484
    1474
    1454
    1468
    1446
    1445
    1459
    1487
    1518
    1446
    1414
    1418
    1380
    1504
    1415
    1439
    1416
    1423
    1481
    1425
    1363
    1506
    1423
    1383
    1397
    1446
    1383
    1373
    1447
    1424
    1411
    1423
    1332
    1392
    1407
    1444
    1416
    1430
    1376
    1412
    1480
    1319
    1397
    1402
    1340
    1340
    1374
    1376
    1419
    1385
    1396
    1387
    1380
    1410
    1358
    1417
    1347
    1444
    1427
    1301
    1341
    1438
    1364
    1410
    1345
    1385
    1323
    1411
    1394
    1333
    1302
    1321
    1421
    1331
    1364
    1335
    1418
    1315
    1318
    1412
    1356
    1351
    1370
    1314
    1396
    1438
    1373
    1378
    1375
    1348
    1376
    1383
    1297
    1375
    1409
    1314
    1384
    1347
    1371
    1313
    1354
    1309
    1291
    1371
    1335
    1350
    1352
    1318
    1279
    1413
    1323
    1330
    1361
    1312
    1399
    1363
    1401
    1349
    1348
    1319
    1316
    1338
    1263
    1364
    1365
    1293
    1310
    1345
    1341
    1373
    1259
    1232
    1339
    1251
    1311
    1325
    1354
    1251
    1254
    1305
    1316
    1351
    1342
    1295
    1382
    1287
    1304
    1335
    1322
    1309
    1270
    1289
    1262
    1338
    1309
    1309
    1305
    1267
    1284
    1324
    1259
    1368
    1264
    1260
    1209
    1271
    1266
    1283
    1334
    1297
    1311
    1307
    1299
    1243
    1292
    1246
    1332
    1294
    1248
    1276
    1257
    1235
    1246
    1293
    1214
    1246
    1232
    1317
    1285
    1271
    1276
    1206
    1200
    1223
    1230
    1245
    1240
    1272
    1294
    1209
    1233
    1181
    1282
    1208
    1236
    1209
    1292
    1223
    1224
    1232
    1242
    1243
    1257
    1244
    1211
    1236
    1217
    1204
    1253
    1193
    1226
    1186
    1190
    1190
    1235
    1157
    1175
    1186
    1158
    1119
    1179
    1229
    1233
    1243
    1236
    1156
    1182
    1163
    1257
    1124
    1195
    1203
    1213
    1140
    1144
    1168
    1148
    1157
    1150
    1203
    1159
    1182
    1227
    1121
    1148
    1117
    1143
    1155
    1121
    1161
    1160
    1070
    1138
    1095
    1153
    1168
    1146
    1179
    1128
    1176
    1113
    1191
    1116
    1149
    1094
    1177
    1171
    1097
    1157
    1102
    1143
    1206
    1105
    1107
    1111
    1117
    1148
    1137
    1154
    1167
    1120
    1088
    1188
    1107
    1071
    1181
    1146
    1050
    1140
    1127
    1130
    1117
    1065
    1126
    1048
    1060
    1161
    1098
    1109
    1076
    1109
    1167
    1142
    1068
    1052
    1085
    1085
    1166
    1129
    1043
    1147
    1047
    1089
    1085
    1117
    1041
    1054
    1055
    1025
    1106
    1100
    1025
    1033
    1139
    1099
    1024
    1059
    1082
    1010
    1057
    1128
    1065
    1069
    1122
    1098
    1087
    1033
    1075
    1050
    1033
    1034
    1034
    1008
    1112
    1126
    1090
    1065
    1045
     998
    1057
    1030
    1057
    1061
    1038
    1042
    1035
    1071
    1031
    1038
    1103
    1084
    1058
    1088
    1018
    1061
    1088
    1142
    1092
    1122
    1107
    1106
    1083
    1167
    1154
    1142
    1112
    1138
    1143
    1154
    1159
    1095
    1168
    1111
    1092
    1059
    1127
    1132
    1102
    1127
    1059
    1088
    1123
    1050
    1093
    1082
    1032
    1097
    1037
    1086
    1064
    1058
    1022
    1012
    1111
    1106
    1094
    1124
    1028
    1037
    1092
    1046
    1029
    1032
    1050
    1035
    1049
    1002
    1048
    1040
    1051
    1058
    1009
    1054
    1065
    1107
    1041
    1062
    1029
     988
    1067
    1019
    1018
    1013
     986
    1020
    1000
    1025
    1028
    1073
    1042
    1026
    1026
    1073
    1058
    1015
     935
    1035
    1009
    1012
    1016
     980
    1006
     993
    1002
     980
    1004
    1018
    1021
     978
     964
    1036
    1012
    1029
    1058
    1047
    1049
     965
    1013
    1041
     999
    1016
    1004
     973
    1035
    1003
     951
    1027
     983
     983
    1114
    1001
    1109
     996
    1048
    1055
    1044
    1029
    1047
    1042
    1084
    1067
    1013
    1091
    1132
    1060
    1105
    1083
    1171
    1114
    1158
    1172
    1117
    1057
    1168
    1184
    1209
    1143
    1175
    1211
    1154
    1117
    1213
    1180
    1144
    1158
    1148
    1128
    1110
    1110
    1184
    1141
    1085
    1124
    1092
    1063
    1059
    1064
    1103
    1064
    1058
    1107
    1037
    1036
    1068
    1047
    1058
    1056
    1098
    1031
    1055
     995
    1108
    1075
    1062
     981
    1040
    1078
    1031
    1031
    1032
    1091
    1022
    1045
    1035
    1027
    1085
    1035
     950
     939
    1004
    1015
    1015
    1028
    1032
    1004
     952
     930
     984
     977
     974
    1044
    1029
    1032
    1004
     976
     974
     962
    1053
     942
    1036
     952
     983
     951
    1007
    1052
     966
     997
     990
     962
     991
     973
     990
     995
     995
     944
     954
     965
     943
     950
     955
     938
     974
     945
     993
     953
     995
     913
     922
     897
     883
     970
     973
     972
     989
     964
     987
     929
     869
     947
     953
     999
     940
     957
     944
     871
     923
     895
     886
     962
     904
     970
     916
     949
     922
     973
     920
     965
     909
     976
     968
     956
     927
     976
     913
    1029
     954
     918
     931
     932
     956
     995
     988
     934
     922
     973
     951
     942
     978
     948
     923
     946
    1006
     916
     891
     918
     933
     925
     989
     912
     926
     989
     959
     960
     886
     939
     929
     921
     917
     945
     921
     939
     852
     937
     942
     938
     926
     878
     890
     892
     836
     952
     854
     919
     901
     921
     887
     977
     946
     843
     989
     886
     907
     927
     884
     891
     869
     888
     882
     854
     881
     914
     896
     914
     879
     840
     875
     901
     905
     868
     869
     925
     877
     851
     918
     907
     854
     960
     835
     928
     824
     890
     805
     875
     805
     858
     840
     864
     882
     834
     870
     834
     890
     822
     850
     868
     868
     822
     855
     888
     829
     813
     850
     884
     794
     825
     899
     837
     819
     793
     831
     874
     819
     807
     826
     849
     884
     830
     847
     816
     840
     824
     805
     834
     773
     863
     814
     787
     830
     805
     806
     831
     817
     858
     770
     807
     809
     805
     797
     800
     813
     808
     799
     778
     818
     764
     788
     789
     756
     846
     779
     835
     746
     799
     829
     788
     780
     797
     807
     812
     766
     797
     727
     743
     793
     848
     827
     745
     753
     811
     789
     870
     724
     708
     797
     802
     772
     799
     808
     813
     717
     779
     777
     798
     787
     699
     796
     805
     776
     743
     800
     797
     763
     757
     757
     761
     758
     734
     815
     764
     739
     738
     762
     756
     764
     779
     774
     792
     740
     770
     756
     776
     762
     738
     812
     777
     739
     751
     774
     799
     791
     695
     732
     758
     753
     733
     771
     788
     793
     756
     720
     740
     755
     729
     713
     782
     717
     705
     711
     796
     748
     700
     741
     803
     706
     766
     735
     735
     777
     758
     737
     773
     781
     824
     733
     775
     726
     811
     762
     792
     708
     733
     731
     764
     738
     757
     743
     741
     720
     702
     740
     718
     821
     724
     767
     777
     734
     701
     743
     768
     771
     732
     798
     717
     683
     724
     749
     727
     761
     777
     749
     752
     758
     695
     772
     741
     786
     730
     733
     690
     718
     751
     725
     740
     756
     759
     714
     735
     695
     739
     700
     728
     741
     761
     750
     756
     701
     741
     704
     720
     739
     702
     696
     718
     712
     741
     730
     739
     768
     689
     722
     732
     713
     725
     764
     737
     690
     710
     693
     734
     720
     695
     711
     719
     781
     697
     698
     747
     719
     703
     749
     737
     686
     706
     701
     634
     751
     752
     728
     687
     722
     679
     717
     726
     726
     729
     709
     704
     662
     660
     723
     727
     715
     710
     699
     728
     740
     706
     724
     700
     688
     746
     753
     745
     727
     707
     736
     689
     738
     688
     686
     757
     679
     683
     680
     712
     695
     697
     674
     704
     719
     670
     709
     701
     681
     684
     728
     722
     692
     703
     733
     741
     710
     712
     705
     704
     709
     716
     697
     749
     675
     760
     741
     737
     696
     678
     705
     691
     695
     714
     707
     673
     698
     739
     679
     680
     727
     704
     673
     676
     713
     757
     685
     757
     741
     734
     651
     691
     642
     723
     669
     678
     668
     650
     731
     710
     745
     697
     713
     709
     696
     704
     713
     648
     696
     726
     659
     710
     726
     681
     709
     734
     688
     670
     723
     766
     763
     680
     705
     716
     687
     748
     737
     724
     696
     690
     701
     683
     705
     665
     719
     691
     691
     696
     719
     674
     653
     710
     688
     662
     720
     697
     675
     721
     719
     691
     661
     774
     723
     694
     687
     644
     692
     657
     684
     709
     731
     698
     723
     753
     668
     704
     721
     701
     649
     719
     698
     697
     717
     686
     686
     693
     715
     709
     709
     694
     684
     659
     733
     671
     673
     672
     668
     698
     638
     633
     688
     720
     692
     696
     636
     704
     658
     678
     649
     644
     668
     639
     721
     683
     681
     674
     654
     656
     635
     661
     654
     657
     683
     605
     655
     617
     622
     631
     643
     646
     643
     652
     598
     627
     631
     635
     612
     563
     548
     647
     589
     615
     573
     643
     601
     589
     565
     572
     570
     597
     605
     546
     600
     570
     560
     586
     570
     524
     601
     588
     577
     541
     493
     537
     576
     557
     541
     576
     552
     569
     581
     549
     517
     616
     531
     522
     554
     556
     550
     552
     556
     503
     572
     564
     579
     559
     546
     499
     541
     540
     535
     585
     521
     557
     557
     457
     543
     569
     516
     569
     541
     532
     515
     548
     555
     561
     528
     526
     535
     572
     536
     489
     530
     550
     528
     532
     553
     515
     540
     528
     511
     528
     546
     527
     502
     532
     508
     514
     560
     499
     502
     513
     496
     535
     581
     474
     498
     496
     503
     524
     510
     519
     472
     523
     505
     523
     530
     485
     532
     474
     485
     506
     509
     492
     532
     573
     563
     562
     573
     537
     526
     539
     517
     507
     492
     510
     520
     473
     482
     514
     470
     501
     496
     491
     518
     501
     511
     468
     522
     478
     458
     460
     491
     462
     495
     483
     498
     472
     485
     482
     437
     485
     470
     472
     462
     499
     476
     491
     433
     456
     448
     450
     471
     511
     515
     500
     462
     438
     471
     476
     503
     453
     457
     493
     481
     491
     459
     478
     462
     468
     477
     455
     445
     464
     498
     449
     454
     475
     428
     451
     440
     459
     480
     429
     457
     497
     464
     474
     450
     484
     475
     450
     443
     445
     487
     471
     463
     440
     435
     461
     410
     477
     459
     504
     450
     425
     503
     439
     438
     464
     432
     484
     412
     436
     479
     442
     452
     450
     465
     426
     400
     422
     437
     422
     410
     460
     467
     415
     449
     441
     451
     446
     476
     450
     451
     497
     456
     438
     412
     403
     454
     437
     475
     457
     476
     466
     441
     461
     514
     397
     461
     438
     432
     450
     432
     441
     422
     471
     439
     446
     432
     404
     416
     443
     447
     450
     420
     425
     423
     391
     451
     457
     437
     462
     435
     417
     433
     426
     393
     420
     401
     429
     410
     428
     450
     465
     441
     379
     452
     439
     447
     415
     406
     442
     460
     417
     449
     451
     401
     398
     420
     429
     422
     420
     407
     443
     394
     403
     440
     414
     463
     442
     421
     436
     433
     424
     426
     408
     425
     416
     410
     429
     414
     411
     400
     420
     449
     442
     428
     381
     392
     417
     410
     393
     411
     378
     422
     456
     441
     424
     436
     414
     425
     405
     399
     422
     416
     408
     384
     438
     437
     362
     393
     432
     401
     406
     427
     388
     406
     399
     413
     429
     381
     376
     383
     389
     402
     370
     405
     403
     424
     386
     416
     392
     395
     378
     387
     429
     410
     396
     405
     419
     421
     412
     426
     386
     400
     403
     403
     441
     426
     425
     393
     406
     384
     389
     425
     410
     373
     408
     396
     413
     411
     371
     364
     418
     411
     395
     411
     403
     411
     381
     405
     414
     356
     385
     425
     405
     367
     397
     415
     386
     387
     388
     388
     383
     393
     414
     418
     386
     380
     367
     389
     390
     412
     418
     368
     431
     443
     394
     407
     383
     378
     401
     443
     397
     392
     393
     389
     404
     371
     423
     376
     382
     385
     436
     402
     427
     388
     404
     386
     379
     402
     405
     378
     367
     349
     398
     379
     395
     361
     370
     344
     390
     423
     422
     409
     415
     394
     371
     369
     407
     373
     419
     380
     358
     373
     389
     394
     378
     360
     394
     386
     415
     399
     434
     381
     434
     374
     404
     390
     379
     398
     436
     418
     398
     384
     352
     386
     391
     377
     354
     376
     361
     354
     421
     410
     373
     348
     357
     370
     388
     432
     380
     381
     394
     420
     361
     380
     397
     340
     388
     377
     382
     374
     365
     355
     364
     407
     345
     377
     405
     379
     406
     400
     400
     382
     409
     417
     375
     369
     373
     363
     355
     382
     389
     351
     381
     413
     383
     359
     385
     374
     381
     383
     387
     381
     378
     365
     356
     365
     390
     370
     394
     380
     388
     382
     425
     388
     371
     409
     378
     400
     390
     394
     349
     380
     388
     398
     356
     373
     404
     384
     402
     413
     375
     343
     359
     379
     356
     361
     426
     343
     427
     387
     383
     390
     380
     413
     355
     357
     380
     391
     395
     360
     390
     410
     389
     383
     363
     370
     349
     361
     383
     343
     361
     389
     381
     390
     353
     393
     407
     398
     349
     363
     386
     367
     366
     398
     349
     390
     391
     373
     381
     429
     374
     343
     396
     377
     350
     391
     379
     344
     391
     361
     378
     384
     374
     388
     378
     350
     384
     372
     367
     402
     411
     378
     358
     362
     365
     358
     373
     381
     375
     392
     356
     393
     363
     357
     362
     392
     401
     386
     342
     373
     327
     378
     399
     344
     340
     349
     370
     341
     374
     382
     390
     362
     373
     377
     390
     390
     400
     334
     376
     358
     404
     353
     376
     406
     344
     368
     372
     375
     382
     436
     376
     355
     390
     405
     390
     397
     386
     412
     389
     344
     378
     392
     408
     372
     372
     378
     385
     365
     390
     381
     388
     402
     399
     367
     363
     378
     366
     389
     357
     382
     402
     391
     376
     350
     392
     380
     417
     380
     387
     363
     359
     355
     355
     393
     356
     374
     377
     415
     352
     395
     381
     365
     420
     383
     389
     421
     368
     392
     369
     343
     371
     391
     389
     366
     368
     374
     410
     380
     391
     411
     345
     385
     404
     412
     401
     381
     372
     426
     369
     335
     409
     368
     369
     392
     391
     406
     438
     394
     370
     394
     453
     381
     388
     411
     449
     457
     429
     488
     515
     489
     595
     639
     734
     772
     863
     976
    1133
    1346
    1716
    1980
    2416
    2918
    3476
    4065
    4841
    5486
    6004
    6683
    6928
    7239
    7356
    7294
    6924
    6327
    5652
    5154
    4441
    3704
    3132
    2602
    2099
    1788
    1482
    1277
    1072
     901
     821
     664
     608
     542
     507
     488
     491
     435
     422
     386
     381
     398
     385
     358
     375
     358
     362
     377
     328
     349
     409
     384
     378
     349
     372
     347
     353
     348
     378
     373
     368
     345
     356
     382
     375
     403
     369
     375
     390
     380
     405
     365
     369
     366
     358
     368
     360
     368
     366
     381
     352
     329
     345
     345
     361
     378
     402
     331
     342
     367
     351
     392
     387
     344
     366
     371
     365
     402
     424
     360
     374
     372
     383
     368
     376
     369
     365
     346
     373
     388
     369
     363
     394
     347
     354
     385
     351
     375
     361
     394
     338
     349
     380
     367
     351
     358
     375
     349
     333
     383
     348
     387
     408
     363
     362
     376
     377
     392
     406
     362
     390
     371
     352
     395
     342
     382
     352
     354
     361
     366
     350
     372
     372
     373
     361
     371
     372
     377
     382
     343
     385
     380
     380
     391
     391
     387
     345
     385
     336
     374
     375
     339
     360
     398
     372
     358
     376
     369
     363
     408
     385
     376
     366
     404
     406
     398
     355
     375
     369
     389
     403
     372
     386
     373
     399
     385
     389
     367
     377
     360
     437
     418
     373
     381
     378
     405
     399
     358
     410
     399
     370
     387
     374
     413
     361
     382
     396
     347
     367
     396
     372
     375
     394
     391
     415
     370
     376
     385
     400
     388
     393
     388
     393
     378
     401
     371
     364
     412
     391
     389
     390
     398
     381
     391
     363
     382
     401
     399
     403
     387
     369
     397
     391
     405
     405
     390
     396
     385
     379
     382
     415
     383
     382
     422
     385
     396
     390
     382
     401
     397
     405
     384
     401
     414
     400
     385
     415
     396
     394
     367
     433
     429
     397
     423
     373
     391
     384
     391
     406
     418
     394
     391
     412
     427
     381
     406
     356
     401
     377
     353
     374
     414
     387
     370
     382
     406
     399
     379
     396
     373
     382
     416
     404
     404
     396
     392
     407
     399
     422
     376
     366
     428
     393
     397
     405
     448
     456
     410
     431
     417
     416
     438
     456
     399
     392
     410
     402
     439
     397
     392
     425
     422
     427
     447
     447
     404
     434
     401
     430
     428
     423
     454
     419
     411
     393
     454
     433
     463
     400
     416
     411
     399
     421
     416
     413
     415
     441
     424
     402
     425
     434
     441
     434
     384
     448
     468
     416
     411
     387
     440
     446
     391
     458
     447
     449
     415
     393
     439
     422
     435
     428
     480
     431
     446
     431
     443
     433
     407
     458
     416
     461
     417
     453
     445
     420
     449
     459
     414
     427
     422
     460
     423
     457
     458
     456
     473
     446
     435
     422
     462
     444
     469
     430
     445
     418
     439
     489
     414
     422
     450
     438
     421
     464
     470
     457
     436
     426
     449
     445
     465
     397
     427
     457
     438
     434
     430
     461
     456
     403
     461
     487
     472
     473
     456
     445
     466
     459
     480
     476
     444
     449
     446
     432
     437
     466
     477
     472
     457
     480
     468
     440
     455
     490
     460
     498
     452
     451
     463
     452
     435
     484
     474
     489
     471
     450
     476
     453
     522
     479
     443
     482
     485
     456
     455
     509
     472
     466
     456
     467
     467
     488
     496
     489
     503
     475
     486
     514
     534
     489
     525
     498
     491
     494
     493
     479
     506
     504
     523
     467
     498
     450
     495
     478
     509
     473
     467
     442
     492
     496
     445
     503
     511
     533
     473
     522
     483
     466
     512
     504
     448
     488
     495
     509
     473
     473
     509
     505
     459
     435
     491
     459
     478
     512
     510
     512
     513
     438
     502
     517
     490
     469
     498
     512
     486
     496
     531
     490
     533
     476
     480
     507
     511
     491
     511
     531
     520
     531
     525
     505
     523
     551
     548
     495
     499
     534
     497
     532
     461
     530
     514
     534
     537
     524
     506
     520
     514
     542
     525
     483
     532
     520
     516
     514
     503
     499
     541
     480
     475
     508
     507
     506
     523
     514
     531
     550
     558
     519
     504
     497
     527
     529
     499
     498
     490
     498
     508
     537
     494
     533
     531
     526
     543
     540
     538
     532
     503
     523
     544
     536
     531
     526
     547
     573
     556
     542
     523
     576
     546
     534
     550
     503
     596
     522
     589
     517
     588
     517
     524
     552
     534
     568
     530
     511
     511
     502
     544
     534
     507
     544
     551
     527
     571
     527
     530
     514
     513
     533
     553
     533
     533
     535
     533
     540
     535
     518
     510
     531
     513
     501
     538
     500
     513
     509
     512
     503
     485
     523
     503
     514
     510
     486
     484
     468
     419
     451
     439
     454
     482
     493
     438
     454
     427
     425
     460
     391
     403
     408
     417
     409
     386
     399
     443
     400
     434
     326
     392
     396
     409
     376
     351
     337
     386
     408
     375
     357
     399
     377
     362
     345
     331
     327
     338
     347
     369
     346
     322
     359
     339
     355
     337
     350
     336
     339
     350
     334
     312
     335
     336
     353
     327
     337
     293
     284
     319
     324
     332
     340
     316
     313
     327
     319
     342
     290
     290
     282
     287
     289
     309
     297
     296
     297
     290
     305
     322
     286
     299
     301
     345
     278
     316
     305
     305
     288
     294
     271
     295
     298
     284
     325
     295
     304
     307
     300
     309
     303
     267
     256
     299
     300
     286
     309
     290
     304
     275
     278
     260
     326
     292
     297
     267
     280
     303
     274
     287
     293
     277
     281
     285
     272
     307
     272
     264
     285
     285
     245
     294
     281
     279
     293
     289
     289
     270
     263
     266
     255
     286
     279
     250
     303
     292
     252
     253
     270
     262
     291
     273
     280
     287
     269
     253
     275
     269
     235
     266
     247
     265
     262
     294
     277
     260
     278
     281
     264
     244
     254
     266
     272
     270
     252
     272
     258
     266
     260
     273
     281
     256
     270
     252
     261
     248
     247
     255
     290
     249
     252
     265
     249
     274
     272
     255
     250
     256
     228
     244
     275
     244
     244
     241
     260
     230
     220
     257
     222
     241
     253
     249
     256
     238
     246
     258
     249
     251
     255
     222
     270
     262
     233
     262
     235
     244
     224
     234
     249
     247
     226
     240
     238
     237
     252
     249
     230
     230
     239
     230
     227
     213
     221
     246
     221
     241
     240
     230
     237
     247
     222
     209
     223
     258
     260
     274
     225
     231
     230
     241
     210
     209
     224
     222
     241
     219
     246
     237
     226
     239
     200
     250
     202
     243
     203
     231
     213
     203
     237
     216
     218
     227
     222
     212
     210
     242
     209
     232
     228
     243
     228
     228
     218
     238
     232
     198
     235
     223
     220
     203
     221
     207
     205
     215
     199
     218
     200
     211
     185
     225
     211
     222
     226
     174
     180
     222
     218
     174
     212
     204
     203
     212
     195
     217
     218
     230
     195
     191
     214
     195
     206
     205
     202
     212
     210
     190
     205
     213
     213
     209
     190
     202
     211
     204
     198
     206
     180
     199
     197
     180
     206
     169
     198
     218
     206
     185
     179
     172
     176
     180
     201
     190
     187
     189
     199
     218
     185
     176
     179
     173
     207
     201
     207
     158
     192
     150
     182
     189
     183
     179
     193
     164
     157
     195
     186
     181
     183
     172
     182
     180
     175
     191
     172
     164
     156
     192
     178
     173
     172
     166
     174
     134
     155
     164
     153
     169
     184
     180
     168
     173
     134
     173
     141
     165
     175
     160
     165
     157
     155
     147
     174
     173
     168
     157
     142
     169
     175
     150
     162
     177
     171
     137
     153
     162
     134
     149
     165
     161
     151
     157
     150
     161
     140
     153
     162
     137
     146
     153
     138
     142
     140
     143
     159
     158
     145
     150
     152
     152
     130
     142
     138
     149
     140
     151
     143
     157
     135
     139
     152
     134
     146
     163
     135
     144
     171
     150
     135
     147
     152
     153
     146
     149
     156
     153
     147
     129
     145
     143
     146
     144
     137
     137
     152
     144
     136
     138
     145
     150
     146
     148
     147
     128
     148
     151
     154
     128
     139
     145
     148
     128
     154
     137
     152
     133
     134
     112
     140
     151
     122
     137
     139
     131
     144
     131
     125
     125
     139
     147
     133
     164
     138
     135
     134
     140
     126
     143
     144
     139
     146
     134
     149
     115
     132
     142
     133
     134
     147
     144
     135
     139
     138
     135
     127
     143
     117
     140
     123
     114
     126
     134
     122
     132
     149
     113
     124
     135
     130
     127
     112
     143
     144
     130
     141
     121
     110
     144
     129
     120
     129
     136
     146
     148
     119
     122
     130
     126
     134
     135
     134
     127
     140
     126
     149
     130
     130
     130
     128
     169
     134
     157
     128
     155
     118
     151
     128
     121
     136
     129
     138
     132
     133
     120
     143
     131
     148
     134
     135
     140
      96
     131
     120
     156
     130
     121
     129
     116
     139
     125
     140
     157
     125
     122
     130
     111
     144
     140
     138
     118
     137
     113
     122
     120
     145
     122
     116
     118
     125
     140
     122
     128
     118
     113
     129
     133
     113
     124
     146
     132
     125
     141
     136
     111
     128
     120
     115
     128
     117
     110
     124
     126
     121
     115
     155
     144
     126
     127
     133
     124
     131
     140
     124
     123
     127
     133
     115
     116
     132
     121
     126
     145
     129
     131
     143
     130
     133
     120
     136
     155
     155
     173
     192
     238
     261
     267
     279
     308
     281
     215
     205
     215
     187
     161
     122
     141
     140
     131
     115
     126
     116
     124
     123
     138
     133
     121
     129
     154
     140
     134
     114
     131
     128
     126
     141
     118
     113
     131
     122
     118
     141
     114
     132
     142
     153
     139
     144
     140
     125
     137
     135
     144
     126
     119
     143
     124
     131
     129
     133
     117
     117
     112
     128
     133
     131
     138
     131
     144
     138
     114
     132
     143
     127
     139
     129
     141
     132
     129
     133
     137
     143
     117
     157
     148
     126
     119
     137
     120
     136
     110
     156
     145
     141
     149
     138
     136
     135
     135
     128
     139
     143
     124
     124
     145
     133
     121
     126
     147
     145
     118
     144
     151
     140
     162
     116
     133
     150
     165
     155
     142
     140
     160
     126
     131
     139
     138
     112
     152
     140
     147
     143
     139
     144
     142
     123
     118
     124
     150
     153
     149
     140
     149
     136
     127
     141
     136
     114
     140
     159
     134
     142
     156
     145
     127
     119
     141
     146
     142
     151
     145
     134
     138
     118
     134
     151
     169
     122
     134
     151
     129
     130
     145
     128
     141
     119
     138
     136
     132
     138
     135
     132
     130
     139
     145
     155
     148
     141
     151
     138
     122
     123
     131
     133
     120
     142
     119
     135
     144
     139
     139
     169
     166
     127
     145
     148
     148
     118
     143
     127
     132
     131
     129
     131
     151
     149
     120
     150
     158
     138
     132
     134
     130
     133
     144
     139
     164
     181
     177
     225
     243
     250
     246
     224
     217
     212
     198
     173
     161
     118
     136
     134
     135
     119
     144
     140
     106
     139
     108
     128
     126
     137
     119
     124
     136
     131
     115
     132
     118
     139
     117
     116
     109
     121
     134
     118
     140
     146
     127
     116
     133
     139
     118
     122
     144
     141
     142
     174
     157
     133
     148
     166
     160
     162
     196
     197
     206
     273
     416
     698
    1141
    2139
    3757
    6395
    9963
   13968
   18609
   21907
   24119
   23856
   21676
   18026
   13526
    9546
    6094
    3667
    2165
    1226
     613
     352
     232
     159
     120
      92
     109
     101
      82
      79
      71
      85
      88
      69
      88
      80
      81
      72
      92
      75
      94
      65
      75
      66
      77
      78
      73
      87
      85
      75
      86
      87
      76
      86
      96
      75
      81
      83
      71
      85
      91
      72
      75
      88
      76
      69
      72
      80
      70
      66
      75
      76
      82
      78
      79
      73
      79
      83
      71
      80
      67
      73
      83
      68
      72
      80
      68
      75
      86
      78
      88
      66
      86
      81
      69
      69
      66
      85
      67
      55
      76
      73
      79
      63
      67
      72
      60
      70
      71
      92
      77
      66
      85
      71
      59
      65
      65
      67
      77
      81
      74
      68
      61
      79
      54
      66
      69
      71
      46
      72
      68
      74
      76
      73
      62
      57
      67
      58
      68
      64
      59
      75
      67
      56
      68
      68
      55
      71
      59
      58
      78
      68
      71
      70
      60
      72
      72
      69
      49
      63
      62
      68
      60
      78
      67
      74
      65
      66
      58
      70
      76
      67
      80
      57
      84
      75
      72
      61
      61
      89
      73
      74
      66
      61
      75
      60
      73
      64
      51
      61
      56
      73
      71
      48
      63
      61
      48
      63
      75
      58
      59
      78
      68
      71
      57
      61
      59
      43
      78
      63
      55
      59
      53
      70
      65
      64
      60
      56
      64
      60
      70
      72
      51
      59
      68
      61
      56
      54
      61
      64
      61
      59
      66
      63
      59
      56
      53
      58
      56
      49
      60
      60
      61
      79
      50
      66
      85
      49
      63
      73
      69
      63
      62
      80
      56
      76
      62
      65
      64
      53
      69
      61
      63
      62
      37
      59
      60
      63
      63
      57
      64
      56
      68
      46
      73
      72
      72
      67
      51
      61
      66
      50
      56
      57
      65
      53
      69
      66
      62
      68
      64
      70
      64
      48
      55
      72
      67
      44
      55
      54
      71
      65
      52
      59
      67
      53
      69
      53
      67
      53
      73
      61
      55
      58
      62
      58
      46
      63
      51
      50
      54
      45
      51
      56
      60
      63
      64
      65
      62
      55
      59
      44
      57
      55
      57
      55
      58
      58
      58
      57
      48
      58
      50
      61
      49
      54
      56
      77
      57
      58
      60
      55
      47
      64
      59
      51
      72
      46
      55
      53
      61
      51
      51
      61
      51
      59
      58
      49
      53
      44
      52
      47
      47
      48
      55
      58
      57
      45
      63
      44
      55
      60
      43
      51
      44
      55
      38
      55
      46
      43
      69
      46
      42
      50
      37
      46
      54
      66
      40
      44
      55
      40
      51
      46
      46
      47
      55
      54
      56
      72
      51
      60
      58
      42
      38
      43
      59
      50
      49
      38
      43
      56
      52
      48
      50
      58
      48
      39
      52
      43
      49
      42
      57
      63
      53
      39
      49
      57
      52
      52
      50
      47
      45
      54
      58
      45
      62
      50
      40
      41
      41
      38
      38
      60
      38
      49
      46
      47
      52
      51
      40
      55
      52
      56
      55
      46
      42
      48
      46
      41
      56
      43
      51
      47
      42
      49
      47
      56
      38
      50
      53
      43
      40
      56
      43
      37
      46
      65
      58
      54
      46
      54
      45
      34
      58
      39
      44
      49
      57
      44
      46
      55
      56
      48
      37
      52
      52
      57
      48
      59
      50
      46
      45
      54
      40
      51
      42
      38
      39
      36
      41
      45
      50
      39
      60
      49
      41
      52
      42
      43
      43
      51
      41
      50
      46
      45
      47
      38
      42
      59
      44
      40
      29
      60
      50
      57
      45
      50
      45
      33
      39
      41
      41
      46
      45
      54
      33
      42
      32
      40
      50
      45
      36
      50
      45
      43
      42
      43
      33
      50
      40
      42
      41
      39
      37
      44
      42
      43
      32
      33
      43
      48
      59
      51
      42
      29
      34
      49
      37
      50
      48
      44
      48
      42
      50
      48
      52
      48
      28
      47
      39
      46
      43
      47
      53
      44
      50
      40
      37
      57
      53
      40
      43
      50
      38
      55
      46
      51
      49
      43
      42
      44
      54
      40
      54
      43
      40
      53
      41
      41
      33
      47
      34
      48
      33
      43
      44
      53
      43
      45
      38
      50
      52
      45
      43
      47
      40
      37
      43
      34
      46
      48
      45
      32
      43
      41
      46
      49
      37
      35
      48
      40
      45
      53
      30
      34
      43
      34
      46
      35
      48
      40
      35
      48
      40
      39
      33
      48
      41
      52
      51
      36
      46
      47
      57
      42
      53
      38
      38
      47
      50
      45
      50
      39
      41
      35
      56
      38
      45
      46
      39
      35
      47
      48
      42
      43
      40
      36
      48
      48
      42
      49
      49
      38
      37
      55
      45
      49
      34
      48
      49
      47
      45
      46
      44
      39
      43
      35
      44
      35
      47
      38
      36
      40
      34
      44
      36
      40
      43
      37
      33
      46
      43
      40
      55
      39
      45
      45
      43
      43
      48
      41
      43
      47
      40
      32
      38
      38
      45
      44
      46
      46
      45
      46
      49
      48
      43
      41
      50
      38
      42
      34
      42
      37
      44
      41
      39
      45
      47
      44
      36
      44
      44
      44
      45
      53
      44
      59
      38
      50
      36
      46
      35
      42
      35
      42
      37
      42
      39
      32
      40
      38
      34
      54
      48
      48
      48
      40
      36
      38
      36
      52
      42
      38
      39
      45
      49
      42
      50
      39
      45
      34
      48
      34
      43
      41
      39
      51
      39
      46
      51
      35
      44
      48
      52
      43
      36
      50
      49
      44
      31
      36
      40
      43
      39
      38
      47
      57
      48
      48
      38
      53
      45
      36
      57
      42
      34
      49
      46
      50
      47
      45
      55
      50
      49
      30
      50
      45
      43
      43
      46
      39
      34
      41
      41
      48
      47
      31
      43
      59
      48
      47
      34
      44
      42
      37
      53
      50
      47
      49
      32
      45
      50
      35
      37
      55
      57
      48
      52
      50
      44
      36
      46
      46
      33
      40
      44
      45
      44
      38
      38
      50
      39
      40
      49
      38
      48
      34
      49
      54
      48
      48
      52
      48
      33
      40
      52
      48
      43
      58
      34
      39
      39
      50
      53
      45
      51
      35
      38
      54
      39
      54
      52
      37
      43
      40
      41
      51
      57
      36
      55
      40
      48
      46
      44
      51
      46
      52
      44
      51
      45
      48
      62
      66
      64
      83
     114
     147
     279
     418
     699
    1065
    1656
    2131
    2699
    3153
    3419
    3352
    3023
    2620
    2057
    1645
    1115
     727
     445
     271
     164
      96
      73
      58
      54
      40
      43
      34
      54
      54
      42
      41
      47
      44
      28
      42
      39
      46
      40
      38
      51
      43
      47
      48
      42
      37
      32
      46
      47
      50
      42
      40
      39
      32
      45
      41
      39
      33
      46
      45
      49
      46
      35
      34
      46
      38
      47
      38
      45
      39
      45
      37
      43
      49
      40
      32
      46
      38
      32
      35
      41
      48
      43
      32
      40
      26
      39
      40
      40
      50
      33
      44
      44
      42
      34
      43
      46
      37
      42
      46
      38
      30
      46
      39
      39
      34
      39
      34
      32
      46
      40
      28
      43
      45
      40
      35
      44
      44
      36
      52
      51
      41
      47
      33
      36
      36
      32
      50
      47
      37
      37
      34
      38
      45
      31
      41
      47
      43
      48
      35
      35
      41
      31
      38
      35
      45
      46
      46
      43
      38
      44
      43
      47
      38
      46
      32
      45
      40
      28
      30
      37
      49
      44
      36
      35
      44
      45
      35
      44
      43
      39
      37
      51
      35
      48
      41
      47
      37
      46
      48
      40
      45
      40
      41
      36
      40
      34
      38
      55
      42
      45
      41
      38
      47
      40
      34
      30
      39
      44
      44
      46
      31
      42
      40
      37
      39
      47
      47
      36
      45
      46
      37
      48
      36
      46
      41
      46
      39
      44
      29
      52
      39
      33
      37
      44
      42
      22
      39
      30
      40
      31
      49
      43
      36
      27
      43
      34
      34
      44
      48
      44
      38
      38
      52
      43
      39
      37
      31
      33
      38
      50
      31
      41
      32
      38
      37
      41
      45
      41
      39
      47
      46
      36
      53
      72
      87
      92
     122
     125
     155
     148
     166
     164
     132
     129
     131
     107
      62
      70
      50
      42
      43
      48
      40
      43
      56
      33
      44
      50
      35
      41
      41
      54
      36
      32
      37
      46
      38
      46
      37
      33
      40
      37
      51
      32
      40
      41
      35
      40
      41
      42
      61
      48
      52
      49
      51
      46
      45
      41
      42
      43
      42
      41
      43
      39
      29
      48
      33
      39
      27
      38
      39
      44
      28
      48
      44
      54
      35
      48
      42
      50
      44
      31
      37
      49
      41
      39
      35
      41
      47
      46
      38
      48
      42
      33
      46
      28
      43
      39
      34
      29
      39
      47
      55
      34
      36
      56
      36
      37
      38
      40
      43
      45
      39
      32
      46
      43
      44
      38
      44
      50
      49
      53
      41
      38
      45
      56
      63
      59
      60
      55
      67
     108
      87
      77
     106
      74
      77
      77
      59
      48
      49
      48
      49
      40
      42
      44
      33
      58
      54
      39
      40
      41
      39
      41
      40
      49
      51
      50
      41
      53
      42
      44
      47
      37
      43
      46
      31
      38
      46
      39
      42
      46
      40
      46
      51
      35
      39
      48
      39
      41
      36
      43
      44
      43
      48
      41
      37
      43
      46
      35
      37
      48
      61
      42
      43
      42
      45
      49
      39
      37
      45
      52
      33
      52
      49
      40
      30
      49
      45
      53
      35
      43
      41
      57
      50
      49
      45
      48
      41
      45
      44
      55
      47
      43
      39
      37
      38
      38
      45
      40
      49
      47
      27
      41
      49
      38
      42
      43
      46
      46
      47
      50
      28
      30
      45
      40
      37
      40
      34
      30
      47
      45
      38
      38
      45
      49
      39
      29
      44
      41
      37
      43
      42
      58
      47
      38
      34
      40
      42
      44
      39
      40
      53
      40
      53
      34
      42
      44
      51
      45
      46
      37
      45
      32
      40
      44
      44
      44
      56
      40
      45
      36
      43
      41
      38
      43
      33
      31
      33
      29
      40
      55
      47
      36
      40
      57
      47
      44
      39
      44
      41
      32
      40
      35
      47
      30
      41
      36
      42
      35
      43
      31
      27
      38
      57
      36
      43
      39
      39
      43
      33
      43
      38
      48
      44
      48
      47
      38
      32
      36
      42
      45
      43
      44
      39
      34
      36
      50
      41
      34
      31
      36
      41
      41
      42
      36
      48
      42
      38
      52
      51
      41
      43
      50
      41
      34
      42
      44
      39
      52
      39
      45
      37
      35
      52
      34
      30
      53
      46
      42
      47
      28
      39
      43
      40
      45
      37
      40
      39
      41
      46
      35
      37
      47
      27
      56
      39
      39
      38
      31
      36
      38
      40
      38
      43
      41
      47
      27
      54
      53
      35
      40
      44
      46
      37
      45
      42
      44
      35
      48
      53
      34
      48
      39
      54
      47
      44
      48
      50
      51
      36
      37
      40
      47
      29
      35
      40
      33
      37
      34
      45
      36
      31
      39
      41
      40
      43
      33
      39
      37
      38
      54
      41
      40
      48
      31
      36
      35
      33
      40
      40
      40
      46
      26
      33
      45
      37
      42
      40
      48
      29
      40
      38
      35
      45
      45
      47
      38
      38
      47
      47
      37
      43
      50
      46
      43
      41
      43
      44
      42
      32
      39
      40
      53
      35
      46
      35
      38
      41
      39
      47
      46
      29
      40
      39
      42
      38
      42
      42
      42
      42
      37
      41
      53
      43
      37
      33
      38
      46
      34
      48
      37
      47
      36
      30
      47
      37
      36
      30
      42
      39
      37
      52
      30
      42
      41
      54
      33
      38
      49
      34
      50
      33
      36
      48
      41
      42
      49
      43
      34
      36
      36
      39
      50
      39
      41
      41
      37
      28
      40
      38
      37
      37
      44
      46
      40
      35
      39
      39
      45
      46
      38
      44
      41
      37
      42
      36
      48
      48
      40
      44
      39
      53
      26
      38
      47
      51
      39
      48
      47
      38
      37
      35
      27
      44
      43
      34
      34
      38
      37
      39
      42
      41
      37
      40
      49
      37
      41
      48
      41
      41
      49
      45
      40
      42
      32
      40
      48
      43
      38
      35
      38
      40
      49
      40
      29
      33
      40
      45
      41
      38
      40
      54
      39
      42
      40
      52
      44
      34
      45
      45
      35
      47
      37
      46
      40
      38
      43
      45
      50
      54
      39
      38
      42
      47
      42
      41
      60
      47
      41
      35
      57
      52
      40
      35
      45
      45
      39
      35
      44
      50
      36
      39
      43
      42
      39
      41
      42
      30
      42
      49
      45
      41
      38
      41
      36
      51
      37
      38
      51
      33
      40
      39
      40
      43
      44
      47
      39
      50
      52
      53
      36
      43
      42
      47
      31
      47
      35
      40
      49
      43
      50
      48
      47
      36
      38
      36
      42
      37
      37
      40
      41
      35
      38
      46
      56
      37
      31
      50
      39
      35
      36
      46
      37
      49
      38
      60
      45
      46
      34
      53
      41
      37
      46
      52
      50
      39
      49
      62
      52
      44
      57
      56
      50
      54
      42
      60
      38
      40
      40
      39
      35
      35
      43
      47
      32
      34
      50
      36
      43
      53
      26
      36
      42
      38
      30
      38
      37
      38
      48
      48
      41
      38
      38
      50
      54
      35
      43
      35
      37
      40
      31
      43
      46
      45
      42
      36
      41
      41
      44
      44
      49
      36
      43
      36
      40
      48
      42
      42
      34
      41
      49
      42
      48
      43
      45
      50
      51
      26
      45
      49
      36
      49
      36
      55
      30
      50
      52
      39
      35
      34
      38
      52
      39
      45
      45
      50
      43
      35
      33
      34
      47
      48
      36
      46
      37
      47
      46
      41
      42
      43
      32
      42
      33
      42
      48
      40
      36
      34
      51
      42
      54
      28
      35
      47
      48
      45
      48
      37
      40
      47
      38
      39
      47
      54
      34
      46
      46
      51
      56
      46
      33
      37
      45
      36
      45
      42
      41
      36
      51
      35
      49
      39
      41
      36
      36
      43
      39
      41
      54
      41
      37
      50
      49
      38
      35
      42
      43
      35
      43
      40
      51
      37
      40
      44
      30
      37
      47
      38
      41
      43
      45
      50
      37
      33
      36
      49
      45
      44
      46
      37
      40
      50
      39
      32
      35
      44
      50
      45
      37
      38
      36
      47
      36
      41
      42
      43
      52
      40
      40
      62
      49
      46
      33
      39
      49
      39
      38
      43
      36
      41
      46
      42
      54
      39
      52
      37
      45
      37
      55
      37
      40
      46
      46
      47
      38
      35
      43
      48
      54
      50
      47
      48
      41
      39
      44
      41
      49
      33
      35
      37
      45
      43
      35
      48
      33
      50
      45
      53
      47
      49
      33
      42
      42
      40
      46
      32
      38
      32
      61
      41
      36
      55
      34
      41
      32
      58
      50
      46
      50
      68
      82
      72
      92
     103
     107
     112
     136
     115
     113
      95
      80
      63
      59
      56
      48
      39
      38
      44
      46
      55
      48
      35
      45
      50
      48
      63
      57
      55
      58
      54
      92
     105
      76
      99
     102
     100
     104
     102
     115
     113
      89
      92
      85
      82
      74
      59
      64
      61
      46
      44
      42
      51
      54
      53
      45
      51
      35
      37
      48
      39
      41
      53
      54
      29
      47
      38
      36
      47
      40
      49
      54
      48
      41
      46
      40
      53
      42
      30
      42
      38
      50
      39
      44
      56
      45
      56
      42
      42
      46
      41
      55
      28
      46
      51
      35
      42
      46
      44
      43
      42
      34
      38
      43
      42
      46
      37
      45
      44
      40
      51
      42
      31
      42
      46
      36
      42
      38
      50
      52
      43
      36
      34
      40
      45
      51
      42
      42
      31
      28
      51
      47
      51
      50
      46
      40
      40
      43
      45
      44
      34
      40
      38
      58
      47
      40
      37
      45
      40
      40
      48
      36
      29
      56
      40
      48
      50
      32
      45
      40
      45
      38
      41
      37
      29
      45
      43
      45
      43
      34
      49
      42
      38
      53
      45
      54
      36
      36
      46
      39
      33
      44
      42
      57
      42
      46
      44
      48
      52
      35
      53
      40
      44
      50
      45
      47
      46
      47
      57
      56
      60
      60
      56
      67
      53
      41
      38
      47
      33
      50
      52
      52
      43
      38
      42
      35
      54
      38
      39
      50
      41
      38
      43
      45
      43
      42
      42
      38
      36
      40
      42
      37
      50
      40
      58
      43
      39
      46
      46
      48
      44
      39
      39
      47
      36
      54
      38
      34
      48
      40
      51
      49
      39
      37
      46
      52
      43
      47
      31
      65
      52
      46
      49
      77
      67
      73
      94
     100
     107
      95
     126
      96
      72
      79
      72
      51
      48
      56
      57
      42
      43
      40
      50
      39
      49
      38
      62
      48
      36
      42
      38
      59
      44
      42
      49
      49
      48
      52
      46
      37
      51
      56
      46
      40
      44
      43
      47
      37
      41
      54
      44
      52
      47
      45
      46
      50
      48
      44
      46
      56
      46
      55
      63
      38
      61
      45
      46
      46
      57
      42
      44
      40
      49
      39
      52
      50
      50
      50
      42
      39
      48
      60
      46
      38
      40
      43
      49
      52
      38
      57
      61
      45
      49
      46
      46
      44
      33
      50
      44
      38
      55
      44
      46
      38
      48
      41
      51
      59
      47
      52
      34
      44
      55
      36
      32
      48
      43
      43
      42
      48
      47
      41
      55
      50
      52
      46
      50
      42
      43
      37
      46
      46
      55
      46
      50
      49
      44
      55
      46
      42
      43
      43
      51
      42
      53
      46
      54
      44
      62
      44
      59
      51
      50
      53
      49
      52
      47
      48
      46
      45
      52
      39
      53
      57
      51
      44
      52
      58
      47
      36
      43
      62
      50
      48
      39
      46
      58
      51
      41
      48
      44
      36
      39
      48
      43
      47
      48
      45
      40
      40
      47
      59
      52
      44
      43
      48
      29
      40
      50
      43
      41
      49
      41
      52
      51
      45
      42
      47
      49
      47
      47
      51
      54
      46
      45
      59
      36
      61
      37
      50
      59
      58
      48
      57
      55
      44
      42
      45
      51
      54
      41
      51
      47
      48
      53
      45
      46
      45
      41
      40
      39
      48
      58
      36
      51
      39
      55
      40
      38
      51
      44
      52
      45
      45
      51
      41
      53
      48
      53
      53
      55
      70
      35
      51
      59
      48
      49
      37
      34
      54
      55
      50
      52
      54
      49
      44
      32
      32
      49
      44
      43
      43
      46
      50
      49
      64
      34
      55
      59
      47
      49
      50
      47
      44
      41
      48
      60
      41
      41
      53
      45
      48
      34
      54
      58
      42
      54
      44
      46
      49
      49
      53
      43
      40
      46
      52
      50
      47
      42
      41
      38
      53
      38
      48
      40
      36
      50
      56
      48
      52
      61
      57
      51
      49
      46
      49
      50
      43
      48
      55
      52
      42
      44
      57
      50
      47
      46
      64
      58
      48
      65
      67
      47
      58
      51
      48
      54
      34
      58
      45
      55
      59
      51
      52
      63
      45
      53
      60
      48
      54
      55
      37
      55
      48
      41
      45
      45
      61
      51
      59
      56
      58
      43
      36
      47
      56
      56
      51
      42
      45
      49
      43
      52
      54
      49
      44
      48
      54
      45
      50
      35
      37
      55
      65
      53
      54
      57
      62
      59
      48
      58
      57
      46
      52
      50
      58
      51
      48
      35
      54
      54
      61
      50
      52
      57
      53
      54
      54
      45
      46
      57
      50
      61
      55
      47
      44
      55
      51
      53
      49
      62
      50
      61
      54
      61
      51
      42
      69
      64
      84
      64
      65
      88
      76
      95
      62
      75
      58
      63
      54
      54
      56
      40
      62
      48
      63
      48
      58
      56
      41
      52
      57
      46
      44
      71
      52
      46
      44
      51
      49
      41
      39
      54
      48
      56
      54
      54
      48
      53
      50
      44
      48
      66
      67
      59
      46
      51
      48
      52
      58
      45
      52
      63
      51
      59
      47
      46
      65
      46
      54
      61
      60
      64
      51
      52
      58
      61
      54
      52
      40
      62
      59
      47
      54
      58
      55
      46
      46
      47
      54
      38
      64
      46
      42
      52
      53
      52
      66
      61
      53
      45
      47
      50
      64
      59
      47
      63
      46
      61
      44
      56
      49
      51
      63
      56
      48
      63
      52
      51
      44
      52
      53
      58
      67
      61
      62
      29
      55
      51
      51
      53
      50
      50
      54
      48
      60
      60
      69
      55
      65
      58
      71
      69
      85
      76
      71
      86
      98
      80
      67
      63
      49
      82
      54
      47
      54
      48
      60
      57
      61
      52
      66
      53
      53
      48
      47
      50
      65
      45
      42
      58
      58
      45
      55
      61
      47
      53
      52
      51
      58
      45
      70
      57
      54
      57
      62
      72
      44
      54
      47
      63
      68
      56
      50
      55
      50
      51
      50
      51
      44
      62
      47
      54
      39
      56
      51
      57
      63
      49
      73
      54
      62
      49
      59
      45
      51
      47
      58
      60
      55
      50
      42
      65
      64
      66
      58
      56
      46
      59
      49
      53
      56
      47
      56
      53
      65
      59
      61
      51
      63
      55
      57
      46
      66
      66
      58
      66
      84
      95
     128
      88
      96
     107
     112
      93
     102
      84
      90
      68
      75
      66
      61
      53
      45
      70
      59
      66
      64
      53
      49
      65
      54
      65
      53
      55
      55
      55
      63
      70
      58
      52
      68
      70
      58
      53
      57
      60
      57
      67
      75
      57
      59
      55
      43
      65
      62
      59
      67
      61
      57
      67
      65
      62
      59
      57
      56
      71
      60
      58
      65
      53
      59
      62
      51
      47
      49
      63
      48
      48
      63
      61
      63
      67
      45
      65
      67
      59
      63
      53
      60
      65
      54
      52
      55
      62
      49
      62
      57
      68
      52
      64
      70
      70
      85
      66
      72
      74
      69
      68
      66
      70
      72
      82
      73
      59
      85
      53
      80
      52
      58
      64
      54
      49
      42
      71
      69
      58
      59
      58
      61
      69
      69
      48
      52
      58
      54
      57
      73
      64
      47
      68
      66
      58
      63
      54
      75
      57
      58
      65
      76
      63
      52
      64
      56
      75
      55
      54
      70
      67
      61
      64
      59
      51
      52
      63
      67
      59
      60
      66
      65
      59
      58
      69
      59
      65
      63
      62
      66
      54
      70
      61
      53
      50
      62
      63
      68
      70
      73
      74
      64
      57
      64
      74
      58
      61
      58
      86
      65
      59
      63
      61
      75
      56
      70
      67
      68
      66
      73
      65
      58
      62
      55
      60
      66
      60
      72
      72
      68
      62
      69
      71
      56
      49
      54
      55
      55
      62
      65
      69
      77
      73
      55
      62
      71
      72
      66
      59
      54
      75
      60
      60
      47
      56
      57
      70
      68
      69
      55
      72
      70
      64
      76
      72
      74
      51
      73
      46
      70
      61
      57
      52
      70
      68
      75
      72
      61
      71
      65
      75
      68
      62
      68
      62
      54
      71
      59
      75
      81
      58
      58
      75
      70
      66
      60
      74
      69
      70
      71
      67
      82
      60
      65
      66
      68
      75
      64
      83
      70
      78
      68
      69
      60
      60
      69
      72
      76
      68
      62
      70
      72
      85
      63
      65
      69
      59
      80
      52
      68
      73
      64
      80
      71
      68
      73
      74
      61
      57
      64
      76
      62
      76
      66
      70
      64
      81
      81
      88
      68
      71
      73
      72
      67
      77
      59
      74
      75
      68
      54
      70
      58
      79
      57
      67
      60
      62
      70
      56
      85
      52
      78
      63
      89
      61
      68
      66
      79
      80
      64
      66
      67
      78
      84
      73
      81
      55
      76
      65
      57
      80
      89
      68
      67
      60
      65
      67
      86
      61
      76
      76
      83
      74
      74
      73
      81
      78
      77
      60
      84
      70
      71
      72
      79
      60
      68
      65
      66
      78
      60
      71
      66
      61
      86
      85
      68
      82
      71
      64
      81
      71
      86
      74
      56
      76
      77
      82
      88
      74
      71
      73
      73
      68
      88
      76
      78
      74
      72
      60
      88
      66
      69
      69
      69
      65
      78
      75
      66
      72
      72
      83
      86
      73
      83
      83
      63
      69
      61
      82
      74
      78
      67
      92
      68
      71
      79
      74
      78
      71
      69
      64
      77
      97
      83
      66
      74
      74
      86
      72
      67
      71
      80
      75
      72
      68
      98
      75
      87
      88
      82
      72
      85
      69
      69
      77
      58
      74
      86
      71
      74
      68
      65
      83
      48
      70
      74
      74
      87
      76
      75
      76
      74
      76
      70
      66
      62
      73
      77
      80
      89
      75
      70
      62
      70
      69
      73
      74
      70
      67
      69
      77
      60
      64
      54
      61
      68
      66
      66
      69
      75
      62
      74
      64
      50
      62
      53
      63
      65
      77
      44
      53
      61
      56
      57
      51
      50
      53
      58
      60
      42
      63
      39
      56
      51
      60
      69
      57
      51
      65
      61
      59
      53
      48
      51
      61
      48
      50
      58
      39
      46
      44
      61
      63
      54
      58
      47
      50
      51
      65
      50
      54
      56
      51
      55
      57
      50
      63
      53
      47
      45
      39
      58
      56
      44
      63
      62
      54
      58
      68
      84
      74
      76
      89
      91
      93
     103
     105
      99
     109
     115
      97
     102
     101
     103
      64
      57
      65
      58
      56
      62
      48
      57
      51
      47
      52
      58
      49
      56
      48
      53
      53
      36
      46
      44
      49
      41
      49
      53
      41
      32
      58
      37
      55
      42
      46
      39
      50
      48
      42
      53
      46
      50
      41
      45
      42
      49
      48
      51
      51
      40
      50
      33
      36
      44
      42
      53
      32
      40
      42
      45
      38
      47
      39
      39
      50
      51
      40
      41
      40
      50
      52
      45
      43
      50
      43
      64
      40
      44
      40
      48
      43
      40
      52
      40
      38
      57
      46
      45
      43
      43
      54
      60
      31
      47
      42
      41
      33
      43
      43
      46
      44
      50
      55
      48
      49
      38
      43
      39
      52
      46
      44
      47
      47
      55
      45
      48
      46
      37
      41
      33
      48
      39
      46
      65
      54
      46
      45
      58
      49
      48
      37
      47
      43
      48
      44
      43
      48
      50
      42
      46
      50
      40
      50
      39
      44
      43
      38
      56
      40
      40
      43
      37
      38
      43
      34
      46
      48
      40
      53
      50
      52
      52
      45
      43
      44
      51
      46
      44
      46
      46
      36
      52
      32
      58
      49
      44
      40
      35
      31
      33
      47
      45
      34
      43
      43
      46
      45
      47
      46
      36
      52
      44
      41
      48
      51
      48
      38
      40
      41
      43
      48
      48
      44
      43
      50
      39
      47
      50
      39
      37
      37
      34
      42
      58
      36
      40
      41
      46
      41
      41
      35
      39
      38
      33
      43
      41
      43
      42
      30
      22
      36
      42
      34
      39
      37
      42
      40
      37
      35
      42
      46
      43
      46
      45
      36
      43
      44
      32
      45
      41
      36
      37
      35
      47
      31
      40
      32
      48
      29
      46
      37
      37
      45
      44
      34
      34
      30
      45
      33
      36
      42
      45
      28
      36
      37
      36
      30
      40
      41
      32
      46
      38
      34
      33
      34
      39
      31
      36
      38
      41
      39
      32
      44
      40
      35
      34
      34
      36
      41
      32
      44
      39
      44
      45
      34
      40
      46
      37
      44
      34
      33
      42
      40
      29
      46
      38
      53
      40
      36
      32
      41
      33
      37
      50
      32
      36
      32
      38
      30
      31
      25
      30
      35
      28
      33
      27
      36
      31
      33
      30
      41
      45
      38
      35
      25
      31
      41
      31
      29
      29
      41
      41
      31
      29
      41
      35
      30
      29
      38
      35
      36
      38
      34
      29
      44
      30
      33
      29
      27
      40
      34
      56
      37
      33
      37
      37
      23
      35
      31
      40
      36
      30
      36
      41
      29
      31
      28
      27
      36
      30
      24
      44
      27
      33
      32
      41
      30
      34
      30
      28
      36
      37
      28
      31
      27
      33
      29
      30
      31
      29
      34
      28
      22
      31
      33
      21
      25
      25
      31
      40
      29
      33
      29
      21
      29
      26
      23
      30
      23
      33
      39
      29
      35
      27
      18
      32
      33
      25
      28
      28
      26
      30
      28
      21
      33
      20
      20
      30
      27
      30
      34
      26
      24
      25
      26
      36
      45
      22
      31
      35
      19
      27
      43
      19
      29
      31
      19
      25
      12
      30
      26
      38
      24
      20
      28
      24
      25
      32
      26
      27
      38
      25
      32
      15
      40
      26
      22
      28
      31
      42
      29
      21
      28
      30
      27
      26
      21
      22
      26
      30
      27
      25
      17
      19
      21
      26
      28
      30
      22
      24
      30
      18
      24
      22
      21
      18
      25
      23
      25
      21
      26
      27
      25
      29
      21
      29
      29
      29
      26
      16
      25
      28
      29
      23
      26
      32
      23
      21
      23
      20
      14
      27
      25
      31
      31
      17
      24
      20
      27
      27
      24
      30
      23
      20
      26
      31
      24
      28
      32
      20
      30
      24
      29
      20
      32
      23
      24
      27
      22
      23
      21
      24
      32
      30
      26
      24
      32
      27
      22
      32
      18
      20
      30
      17
      23
      33
      23
      32
      18
      29
      22
      25
      18
      21
      30
      21
      21
      26
      21
      26
      27
      24
      12
      28
      23
      29
      24
      29
      22
      18
      25
      19
      26
      24
      19
      27
      18
      21
      30
      22
      28
      23
      26
      24
      31
      20
      19
      26
      23
      36
      23
      18
      34
      22
      23
      26
      23
      18
      30
      23
      24
      35
      27
      22
      22
      22
      12
      24
      22
      29
      26
      18
      23
      23
      18
      15
      23
      18
      20
      20
      28
      21
      23
      21
      24
      22
      20
      30
      19
      19
      23
      33
      23
      24
      17
      21
      30
      22
      28
      23
      20
      19
      30
      21
      19
      24
      24
      25
      20
      23
      27
      24
      28
      25
      21
      26
      27
      23
      19
      27
      28
      22
      24
      23
      24
      23
      20
      21
      23
      27
      19
      19
      24
      23
      12
      24
      27
      20
      19
      25
      26
      31
      28
      20
      29
      14
      18
      26
      20
      17
      19
      26
      22
      21
      28
      25
      19
      12
      27
      31
      21
      28
      37
      23
      34
      35
      26
      24
      17
      21
      29
      19
      21
      24
      22
      21
      26
      23
      36
      26
      19
      26
      13
      31
      30
      20
      26
      25
      22
      22
      19
      18
      14
      27
      28
      21
      28
      29
      20
      30
      34
      21
      27
      30
      27
      18
      35
      21
      22
      26
      24
      23
      28
      17
      19
      21
      17
      21
      31
      21
      26
      29
      24
      28
      24
      23
      27
      23
      26
      22
      21
      15
      26
      27
      23
      20
      35
      29
      18
      20
      26
      21
      23
      30
      22
      22
      30
      27
      28
      35
      24
      26
      23
      30
      22
      30
      20
      24
      18
      31
      16
      23
      20
      19
      27
      25
      23
      24
      25
      24
      33
      23
      24
      29
      23
      21
      26
      21
      29
      22
      21
      20
      26
      30
      25
      33
      28
      25
      27
      31
      21
      26
      24
      26
      34
      24
      30
      24
      30
      37
      37
      31
      36
      41
      49
      46
      45
      45
      31
      40
      30
      32
      30
      30
      24
      26
      25
      24
      21
      33
      18
      34
      18
      27
      29
      11
      26
      28
      30
      25
      27
      26
      22
      29
      25
      32
      24
      30
      23
      25
      29
      26
      26
      30
      27
      29
      23
      24
      24
      24
      27
      22
      33
      20
      27
      22
      33
      22
      25
      23
      25
      20
      26
      23
      35
      28
      23
      34
      35
      33
      25
      22
      29
      23
      22
      29
      22
      30
      21
      27
      24
      23
      24
      26
      23
      30
      31
      32
      18
      32
      28
      29
      32
      42
      37
      27
      29
      33
      34
      31
      31
      29
      29
      32
      28
      41
      25
      31
      27
      32
      33
      30
      28
      19
      30
      22
      32
      36
      17
      36
      29
      32
      31
      27
      20
      36
      29
      31
      25
      26
      31
      28
      34
      30
      18
      30
      33
      34
      40
      37
      36
      35
      35
      34
      39
      45
      49
      40
      43
      48
      51
      75
      94
     113
     200
     266
     430
     591
     786
    1083
    1351
    1624
    1986
    2168
    2376
    2448
    2256
    2159
    1808
    1514
    1180
     923
     662
     444
     300
     213
     128
     117
      68
      35
      39
      25
      26
      23
      29
      30
      31
      36
      33
      24
      26
      21
      29
      28
      29
      32
      21
      28
      25
      30
      22
      28
      22
      20
      22
      21
      26
      27
      30
      30
      28
      29
      21
      21
      32
      27
      26
      29
      29
      25
      31
      30
      31
      26
      27
      19
      26
      21
      27
      19
      22
      16
      27
      22
      24
      28
      31
      37
      32
      32
      29
      28
      17
      17
      29
      25
      27
      31
      19
      30
      26
      23
      20
      41
      26
      24
      14
      19
      26
      19
      29
      21
      29
      32
      22
      33
      29
      29
      24
      40
      22
      20
      24
      29
      30
      23
      30
      35
      31
      33
      22
      26
      29
      26
      28
      26
      24
      23
      22
      27
      21
      17
      29
      25
      22
      28
      27
      30
      23
      31
      21
      27
      30
      26
      27
      22
      25
      20
      25
      25
      22
      28
      33
      21
      22
      33
      29
      28
      34
      16
      29
      13
      24
      29
      31
      27
      27
      24
      23
      21
      27
      25
      28
      20
      40
      24
      22
      19
      26
      23
      21
      25
      27
      31
      31
      28
      18
      29
      31
      24
      33
      20
      20
      31
      29
      34
      25
      25
      28
      23
      23
      37
      38
      26
      29
      36
      28
      31
      26
      18
      32
      31
      20
      28
      31
      23
      22
      21
      39
      39
      28
      34
      38
      25
      29
      32
      24
      26
      35
      23
      31
      27
      25
      36
      31
      23
      34
      40
      38
      27
      20
      30
      36
      33
      36
      33
      28
      36
      24
      30
      34
      32
      35
      21
      33
      39
      26
      43
      33
      39
      35
      26
      26
      41
      31
      25
      21
      26
      36
      19
      31
      36
      34
      30
      16
      30
      31
      35
      35
      24
      30
      31
      37
      14
      26
      28
      22
      29
      32
      24
      27
      39
      40
      17
      24
      42
      31
      19
      25
      33
      28
      30
      27
      30
      26
      23
      40
      47
      25
      19
      19
      38
      17
      33
      30
      21
      27
      34
      24
      35
      29
      29
      33
      36
      23
      23
      28
      27
      33
      38
      18
      25
      29
      23
      27
      20
      34
      29
      34
      19
      28
      22
      27
      31
      27
      39
      25
      30
      33
      22
      24
      36
      26
      26
      36
      32
      16
      26
      23
      26
      28
      36
      33
      21
      27
      25
      32
      24
      26
      27
      28
      19
      22
      23
      22
      19
      17
      25
      28
      24
      29
      30
      27
      34
      21
      30
      24
      17
      16
      21
      29
      15
      13
      21
      17
      21
      21
      23
      25
      24
      22
      21
      21
      20
      21
      24
      16
      22
      16
      22
      16
      17
      11
      21
      14
      20
      14
      16
      15
      10
      22
      13
      16
      23
      25
      17
      23
      25
      21
      14
      19
      21
      15
      18
      20
      15
      16
      17
      14
      22
      21
      25
      23
      18
      18
      13
      17
      14
      19
      18
      28
      16
      25
      14
      25
      16
      11
      22
      13
      22
      22
      20
      18
      14
      22
      16
      23
      23
      22
      22
      17
      13
      11
      14
      12
      19
      18
      23
      14
      21
      13
      13
      17
      10
      11
      19
      17
      21
      19
      19
      18
      15
      14
      29
      15
      13
      15
      20
      14
      14
      19
      14
      26
      20
      17
      25
      20
      16
      19
      21
      16
      18
      18
      18
      22
      16
      22
      17
      19
      21
      14
      13
      21
      16
      24
      13
      13
      11
      12
      15
      19
      15
      21
      14
      13
      13
      28
      16
      13
      11
      14
      18
      17
      22
      19
      18
      12
      16
      13
      17
      12
      17
       6
      15
      15
      20
      18
      10
      16
      12
      14
      16
      17
      16
      20
      11
      17
      12
      20
      11
      12
      12
      15
      20
      17
      16
      12
      17
      13
      23
      18
      18
      20
      14
      17
      17
      14
      22
      10
      15
      14
      12
      18
      11
      19
       9
      16
      16
      13
      12
      15
      16
      17
      10
      18
      13
      19
      18
      17
      17
      11
      14
      13
      11
      12
      15
      15
      14
      13
      13
      15
      13
      14
      11
       7
      15
      14
      18
      14
       7
      11
      12
      11
      15
      16
       9
      13
      23
      16
      25
      20
      18
      21
      21
      20
      18
      18
      12
      21
      20
      13
      14
      18
      12
      19
      20
       6
      14
      14
      21
       7
      12
      17
      16
      11
      14
      15
       8
      12
      24
      16
      13
      16
      14
      12
       9
      16
      14
      14
      13
      18
       8
      17
      18
      21
      15
      19
      19
      13
      16
       9
      15
       8
      11
      10
      14
      15
       7
      13
      14
       8
      17
      13
      12
      13
      13
      15
      15
       9
      20
      10
      12
      12
      16
      22
      11
      16
      12
      13
       7
      13
       7
       8
      19
      15
      17
       9
      14
      11
      11
       7
      12
      15
      14
      12
      20
      15
      20
      12
      17
      17
      14
      15
      13
      12
      16
       9
      11
       8
      10
      12
      15
      15
       8
      18
      17
      14
       9
      11
      17
       6
      10
       6
       9
      15
      15
      11
      12
      12
       6
      10
       5
       8
      24
       5
      14
      12
      19
      10
      12
       8
      10
      12
      14
       9
      17
      13
      10
      13
       8
       8
      10
      10
       7
       8
       6
       6
      10
      13
      14
       9
      16
       7
       9
      10
       8
       8
       9
       8
       6
       8
       6
      16
      11
      14
      10
      18
      12
       8
       8
      12
      13
      12
       7
      14
      11
      11
      11
       6
      11
      16
       6
      16
      15
      13
      11
       8
      14
      11
      14
      11
       9
       7
      10
      12
      12
       8
       6
      10
      14
      15
       7
       8
       9
       9
       6
       7
      14
       6
      12
       6
       4
      11
       3
       8
       9
      15
      13
       8
       6
      10
      15
       8
       7
       9
       5
       9
      12
       8
       6
       6
       6
      10
       7
      10
       9
       5
      10
       7
       8
       6
      15
       5
       7
       9
       5
       7
      14
      18
       6
      11
       9
      11
       9
      10
       9
      12
       3
       7
       7
      13
       8
       6
      10
      14
       6
       2
       4
       8
       7
       9
       6
       8
       6
       8
       9
       7
       8
       9
      13
       7
       6
       6
       6
      10
       5
       9
       6
       8
       2
       8
      10
      10
       6
       8
       3
       8
      13
       6
      13
       8
       1
       5
       8
       6
       6
       7
       9
       4
       8
       5
       9
       3
       3
       4
       7
       6
       5
       5
       8
       8
       5
       5
       7
       2
      13
      12
       7
       2
       9
       3
      13
       4
       5
       5
       4
       9
       6
       1
       8
       8
       4
      13
       6
       6
       2
       7
       7
       4
       3
      10
       8
       7
       4
       3
      10
       9
       9
      10
      12
       9
       7
       8
      15
      11
      14
      13
      10
      11
      13
       9
       8
       9
       8
       5
       6
       8
       5
       4
       5
       4
       6
       6
       3
       6
       4
       9
       6
       4
       5
       6
       4
       6
       5
       5
       2
       7
       2
       5
       8
       6
       2
       6
      10
      10
       6
       5
       5
       4
      12
       5
       5
       6
       7
       3
       4
       4
       7
       4
       5
       3
       3
       5
       3
       6
       8
       5
       3
       9
       3
       2
       5
       5
       3
       5
       6
       5
       5
       4
       5
       9
       9
       0
       5
       4
       4
       6
       2
       5
       4
       1
       2
       3
       7
       4
       6
       6
       2
       4
       2
       6
       3
       2
       5
       5
       2
       1
       7
       5
       4
       2
       5
       4
       4
       7
       4
       5
       1
       3
       4
       4
       1
       4
       8
       7
       6
       4
       4
       4
       6
       2
       4
       6
       6
       2
       6
       3
       2
       7
       3
       2
       2
       4
       5
       2
       3
       3
       3
       4
       1
       5
       2
       6
       3
       5
       4
       7
       1
       2
       4
       6
       3
       5
       7
       6
       5
       4
       3
       5
       6
       4
       4
       4
       4
       1
       1
       4
       5
       1
       5
       6
       2
       4
       3
       5
       3
       5
       5
       2
       2
       6
       6
       2
       4
       2
       4
       5
       9
       7
       3
       3
       1
       2
       4
       1
       5
       3
       4
       4
       4
       4
       2
       4
       3
       1
       2
       4
       8
       2
       1
       2
       1
       3
       4
       1
       9
       5
       1
       5
       4
       9
       4
       8
       4
       4
       5
       5
       2
       3
       1
       8
       5
       3
       2
       4
       5
       4
       3
       4
       5
       2
       4
       3
       6
       9
       4
       2
       0
       3
       4
       4
       3
       5
       2
       3
       5
       2
       3
       1
       8
       4
       4
       7
       5
       3
       2
       5
       7
       4
       6
       6
       4
       5
       2
       5
       8
       6
       3
       3
       6
       1
       2
       2
       2
       3
       4
       4
       7
       2
       4
       4
       6
       3
       3
       3
       3
       4
       2
       4
       2
       7
       6
       3
       3
       2
       2
       7
       4
       5
       9
       3
       7
       3
       3
       3
       5
       3
       1
       4
       3
       0
       2
       4
       2
       3
       5
       5
       3
       3
       3
       1
       1
       5
       7
       4
       4
       7
       3
       5
       5
       4
       7
       8
       5
       3
       3
       4
       6
       3
       5
       1
       1
       3
       3
       5
       3
       6
       5
       5
       4
       3
       4
       2
       6
       5
       6
       6
       4
       0
       4
       5
       4
       4
       4
       8
       5
       4
       2
       4
       8
       7
       3
       1
       2
       5
       4
       5
       5
       4
       5
       4
       2
       6
       2
       5
       2
       7
       8
       5
       3
       6
       3
       3
       5
       4
       4
       3
       8
       4
       3
       1
       7
       3
       6
       3
       6
       3
       5
       4
       2
       5
       6
       3
       4
       2
       4
       4
       2
       3
      11
       2
       3
       4
       7
       3
       7
       5
       5
       5
       3
       3
       3
       1
       5
       4
       4
       3
       4
      12
       8
       2
       6
       3
       4
       6
       8
       5
       9
       7
       7
      12
       3
       2
       6
       2
       6
       7
       7
       6
       4
      11
      11
       2
       8
      12
       2
       9
       7
       4
       8
       9
       7
       8
      12
       5
      22
      10
      19
      22
      34
      36
      73
      98
     124
     197
     292
     371
     502
     656
     707
     878
     925
     961
     953
     994
     867
     759
     651
     554
     378
     291
     229
     181
     112
      52
      53
      27
      15
       9
       5
       7
       3
       5
       3
       4
       2
       1
       3
       2
       6
       2
       5
       0
       1
       2
       3
       3
       3
       4
       1
       3
       2
       4
       3
       6
       7
       1
       3
       4
       1
       2
       6
       1
       2
       6
       1
       2
       3
       3
      10
       3
       3
       4
       4
       2
       5
       1
       2
       6
       2
       2
       3
       5
       2
       6
       2
       2
       4
       2
       2
       3
       5
       1
       4
       3
       3
       1
       0
       5
       2
       3
       4
       0
       2
       1
       2
       0
       3
       2
       3
       2
       3
       1
       1
       3
       3
       3
       1
       2
       0
       3
       2
       3
       5
       3
       4
       3
       4
       1
       4
       3
       1
       4
       2
       5
       4
       2
       2
       1
       1
       1
       2
       2
       4
       2
       1
       6
       1
       1
       5
       4
       3
       3
       7
       0
       4
       2
       1
       4
       2
       1
       2
       3
       4
       5
       5
       5
       5
       5
       5
       9
       4
       7
       8
       8
       4
       2
       6
       6
      10
       5
       9
       6
       7
       7
       7
       5
       7
       6
      10
       3
       2
       2
       5
       5
       3
       0
       0
       3
       2
       2
       1
       2
       1
       2
       2
       6
       3
       4
       1
       1
       0
       2
       2
       2
       1
       3
       3
       4
       2
       1
       2
       0
       3
       6
       2
       0
       1
       6
       2
       1
       4
       3
       3
       4
       3
       1
       1
       1
       4
       5
       3
       2
       4
       3
       1
       6
       3
       1
       5
       4
       0
       1
       5
       3
       1
       1
       2
       4
       1
       1
       4
       3
       2
       1
       0
       0
       0
       4
       2
       1
       3
       2
       5
       3
       5
       3
       4
       6
       5
       4
       4
       5
       4
       4
       3
       1
      11
       5
       7
       5
       3
       5
       1
       5
       5
       3
       3
       0
       6
       3
       7
       2
       2
       4
       5
       1
       3
       3
       5
       1
       3
       6
       3
       3
       2
       3
       2
       5
       0
       3
       1
       4
       1
       3
       6
       6
       2
       6
       2
       5
       2
       1
       2
       1
       1
       4
       2
       7
       2
       3
       3
       2
       4
       4
       1
       5
       2
       4
       1
       2
       5
       4
       2
       0
       2
       2
       3
       1
       0
       1
       3
       2
       3
       5
       0
       4
       2
       3
       4
       4
       3
       1
       6
       0
       3
       4
       4
       4
       1
       4
       1
       2
       4
       5
       1
       5
       2
       2
       3
       0
       2
       0
       1
       2
       5
       3
       4
       3
       4
       2
       2
       0
       0
       3
       3
       1
       3
       2
       2
       1
       0
       3
       3
       4
       3
       0
       6
       3
       4
       0
       1
       1
       0
       4
       1
       2
       5
       0
       2
       4
       0
       5
       4
       5
       1
       4
       1
       5
       1
       2
       4
       0
       4
       3
       2
       3
       4
       0
       5
       5
       4
       2
       4
       3
       5
       8
       3
       5
       1
       4
       1
       2
       6
       2
       3
       3
       2
       4
       1
       3
       3
       3
       2
       4
       2
       3
       5
       3
       3
       4
       2
       3
       1
       0
       6
       1
       3
       2
       3
       4
       4
       1
       1
       4
       4
       6
       3
       1
       3
       2
       1
       9
       3
       0
       1
       2
       3
       3
       2
       3
       2
       9
       1
       3
       2
       3
       2
       3
       2
       5
       6
       0
       3
       2
       1
       3
       0
       3
       1
       2
       2
       1
       2
       4
       6
       5
       5
       5
       1
       2
       4
       2
       6
       3
       3
       5
       4
       2
       5
       3
       2
       2
       3
       5
       2
       4
       2
       4
       5
       2
       3
       5
       0
       1
       2
       8
       4
       5
       2
       2
       0
       0
       3
       1
       1
       2
       5
       3
       3
       7
       2
       5
       3
       1
       2
       4
       4
       1
       2
       1
       1
       3
       1
       0
       5
       4
       4
       5
       2
       3
       2
       2
       4
       4
       3
       5
       3
       3
       4
       3
       0
       1
       2
       1
       3
       2
       1
       2
       7
       3
       4
       2
       1
       4
       4
       3
       2
       1
       2
       4
       3
       1
       4
       3
       2
       3
       5
       2
       1
       0
       2
       2
       5
       2
       3
       1
       5
       3
       1
       4
       3
       1
       3
       3
       2
       0
       2
       5
       2
       4
       6
       2
       1
       0
       3
       2
       3
       1
       3
       2
       0
       3
       3
       1
       1
       3
       4
       6
       2
       3
       3
       2
       2
       2
       5
       3
       2
       3
       1
       2
       3
       2
       4
       4
       3
       3
       2
       3
       2
       7
       3
       7
       3
       3
       3
       5
       4
       3
       3
       2
       2
       3
       4
       6
       1
       0
       2
       0
       4
       3
       3
       2
       6
       5
       3
       3
       3
       2
       2
       5
       4
       1
       5
       0
       1
       7
       2
       4
       3
       0
       1
       5
       2
       6
       2
       2
       1
       1
       3
       1
       3
       0
       4
       1
       3
       2
       3
       4
       2
       0
       0
       4
       3
       7
       3
       6
       6
       3
       2
       2
       4
       8
       2
       2
       3
       4
       5
       6
       6
       4
       2
       2
       2
       2
       2
       4
       4
       2
       5
       6
       2
       4
       1
       2
       6
       3
       1
       4
       5
       2
       2
       3
       0
       1
       1
       5
       4
       3
       5
       4
       2
       1
       1
       3
       3
       7
       3
       2
       1
       3
       2
       3
       2
       3
       4
       3
       5
       5
       3
       2
       6
       4
       2
       5
       2
       3
       3
       4
       4
       1
       2
       6
       1
       4
       1
       4
       4
       5
       8
       6
       0
       4
       2
       2
       4
       2
       3
       3
       5
       1
       2
       3
       2
       1
       2
       0
       4
       5
       1
       3
       7
       3
       3
       1
       2
       3
       2
       8
       3
       3
       4
       1
       4
       1
       3
       5
       4
       3
       3
       3
       7
       2
       3
       5
       3
       0
       0
       3
       4
       4
       6
       0
       3
       3
       1
       1
       5
       5
       5
       4
       3
       5
       2
       0
       3
       6
       2
       3
       1
       2
       3
       1
       4
       0
       2
       0
       4
       3
       1
       1
       2
       2
       3
       0
       1
       7
       3
       0
       3
       1
       3
       6
       2
       5
       1
       1
       6
       7
       3
       2
       3
       2
       1
       3
       2
       0
       2
       4
       2
       5
       4
       1
       4
       6
       2
       1
       4
       3
       2
       1
       2
       1
       3
       5
       0
       2
       2
       4
       2
       2
       3
       4
       0
       4
       4
       5
       4
       5
       5
       2
       2
       1
       1
       3
       2
       2
       5
       1
       3
       1
       1
       3
       2
       3
       5
       2
       3
       2
       3
       2
       1
       2
       3
       3
       0
       3
       3
       4
       1
       2
       2
       3
       3
       2
       2
       2
       4
       4
       3
       2
       2
       3
       0
       4
       3
       2
       3
       3
       1
       2
       1
       2
       0
       2
       0
       3
       1
       4
       1
       1
       3
       3
       5
       3
       1
       0
       3
       6
       4
       3
       4
       3
       1
       3
       2
       3
       3
       1
       4
       5
       0
       4
       2
       3
       3
       3
       2
       7
       2
       4
       0
       5
       4
       0
       4
       2
       5
       1
       1
       2
       3
       5
       5
       1
       1
       4
       3
       0
       5
       1
       3
       2
       3
       2
       3
       3
       3
       3
       4
       3
       0
       3
       1
       1
       0
       3
       3
       2
       3
       4
       3
       0
       1
       1
       1
       0
       1
       4
       2
       1
       5
       3
       2
       2
       1
       1
       4
       0
       4
       1
       5
       2
       2
       3
       4
       0
       1
       2
       3
       2
       1
       5
       1
       3
       2
       3
       4
       1
       0
       5
       2
       2
       1
       3
       4
       1
       2
       0
       2
       3
       3
       2
       3
       0
       5
       5
       1
       4
       2
       2
       3
       5
       2
       4
       5
       5
       6
       5
       3
       3
       2
       4
       6
       5
       1
       6
       1
       6
       6
       3
       2
       1
       6
       2
       1
       2
       0
       2
       0
       2
       2
       2
       2
       2
       1
       5
       3
       3
       4
       1
       3
       2
       2
       3
       2
       1
       4
       2
       1
       3
       2
       1
       3
       2
       1
       3
       3
       3
       4
       1
       5
       2
       2
       2
       1
       1
       3
       1
       3
       1
       4
       4
       3
       0
       4
       1
       2
       1
       5
       3
       0
       1
       2
       2
       2
       1
       2
       2
       5
       0
       3
       4
       0
       3
       0
       2
       1
       3
       4
       2
       3
       2
       3
       3
       1
       2
       2
       1
       1
       3
       1
       4
       1
       1
       1
       2
       3
       1
       2
       4
       3
       2
       2
       5
       3
       3
       5
       2
       2
       1
       2
       0
       4
       2
       3
       2
       0
       2
       1
       1
       5
       5
       2
       2
       2
       1
       2
       1
       3
       4
       4
       1
       4
       0
       5
       3
       1
       0
       3
       0
       3
       1
       3
       0
       1
       2
       1
       0
       5
       2
       1
       1
       3
       0
       0
       4
       2
       3
       4
       3
       3
       3
       0
       1
       1
       4
       5
       3
       1
       2
       1
       1
       3
       3
       1
       6
       1
       2
       2
       3
       3
       3
       2
       2
       1
       2
       1
       2
       1
       3
       4
       1
       1
       1
       3
       2
       3
       2
       2
       0
       2
       0
       4
       0
       0
       6
       2
       3
       0
       3
       0
       1
       1
       3
       0
       2
       8
       1
       1
       1
       4
       0
       2
       0
       3
       2
       5
       4
       2
       0
       7
       2
       2
       3
       3
       5
       2
       3
       0
       3
       3
       4
       6
       2
       6
       2
       1
       0
       1
       0
       1
       3
       3
       2
       1
       4
       2
       2
       1
       5
       1
       2
       2
       1
       1
       2
       1
       2
       3
       3
       1
       2
       0
       2
       4
       2
       1
       1
       0
       2
       2
       2
       0
       0
       1
       3
       2
       3
       3
       3
       1
       1
       4
       0
       3
       0
       3
       2
       3
       1
       3
       1
       3
       3
       4
       0
       6
       1
       2
       2
       0
       1
       1
       2
       3
       1
       2
       1
       3
       4
       1
       4
       4
       2
       0
       4
       1
       0
       3
       0
       4
       2
       1
       2
       1
       3
       2
       3
       2
       2
       1
       2
       3
       4
       2
       6
       0
       2
       2
       1
       1
       3
       1
       1
       0
       4
       0
       4
       3
       4
       2
       0
       2
       2
       3
       4
       1
       1
       2
       1
       4
       3
       2
       2
       2
       2
       4
       0
       0
       4
       0
       0
       2
       0
       0
       1
       2
       0
       3
       3
       2
       2
       4
       3
       3
       1
       2
       3
       2
       1
       3
       2
       1
       1
       0
       3
       1
       2
       1
       1
       0
       2
       2
       2
       1
       1
       2
       3
       2
       3
       0
       2
       1
       2
       0
       0
       1
       1
       0
       1
       0
       4
       0
       0
       3
       1
       0
       2
       2
       0
       3
       1
       1
       3
       1
       2
       3
       0
       0
       1
       3
       0
       3
       3
       4
       0
       0
       3
       0
       0
       0
       1
       0
       1
       0
       2
       4
       2
       1
       2
       1
       2
       1
       3
       0
       0
       0
       1
       2
       3
       1
       2
       4
       3
       1
       3
       1
       0
       1
       1
       3
       3
       4
       1
       5
       3
       4
       3
       7
       5
       7
       3
       1
       4
       5
       3
       3
       2
       3
       3
       2
       3
       1
       2
       1
       0
       3
       1
       1
       1
       2
       1
       1
       2
       0
       1
       2
       0
       2
       0
       0
       0
       0
       3
       2
       0
       0
       1
       1
       3
       1
       0
       3
       3
       2
       2
       1
       2
       2
       1
       0
       0
       4
       0
       0
       0
       2
       4
       1
       1
       0
       3
       3
       0
       1
       4
       1
       2
       2
       0
       1
       1
       0
       0
       1
       1
       3
       0
       3
       3
       0
       1
       0
       4
       2
       1
       2
       3
       0
       1
       3
       4
       0
       3
       2
       0
       2
       2
       0
       0
       3
       1
       0
       0
       1
       0
       1
       0
       3
       2
       1
       2
       1
       1
       2
       1
       5
       0
       1
       2
       1
       1
       6
       3
       1
       1
       3
       0
       0
       3
       0
       0
       0
       0
       2
       3
       3
       2
       3
       1
       2
       2
       1
       2
       1
       2
       2
       1
       0
       1
       2
       0
       2
       1
       1
       1
       2
       2
       3
       0
       3
       2
       1
       2
       0
       1
       1
       2
       1
       2
       0
       2
       0
       1
       1
       0
       1
       0
       1
       2
       3
       2
       2
       3
       0
       1
       3
       0
       0
       0
       2
       1
       1
       1
       0
       0
       0
       1
       2
       1
       0
       0
       1
       1
       2
       0
       1
       2
       0
       1
       2
       1
       1
       1
       1
       1
       2
       1
       2
       2
       3
       2
       0
       2
       1
       1
       3
       1
       0
       1
       1
       0
       1
       2
       0
       1
       0
       1
       1
       1
       2
       0
       0
       0
       1
       2
       0
       2
       1
       0
       0
       1
       2
       1
       4
       0
       0
       2
       2
       2
       1
       2
       0
       2
       1
       0
       1
       0
       1
       2
       0
       2
       3
       2
       1
       1
       1
       0
       0
       2
       1
       4
       3
       1
       1
       2
       1
       0
       2
       3
       0
       1
       3
       0
       2
       2
       2
       0
       2
       1
       1
       1
       0
       3
       0
       1
       2
       1
       2
       0
       0
       1
       0
       2
       0
       1
       1
       0
       3
       2
       2
       0
       0
       0
       2
       0
       0
       1
       0
       0
       1
       1
       0
       1
       2
       0
       1
       0
       0
       1
       1
       0
       1
       1
       2
       1
       0
       1
       5
       2
       2
       1
       2
       2
       1
       4
       3
       9
       2
      16
       9
      22
      17
      19
      36
      39
      45
      40
      54
      51
      55
      55
      58
      41
      37
      29
      30
      18
      12
      14
       8
       7
       4
       0
       0
       3
       0
       4
       1
       1
       0
       1
       0
       1
       2
       2
       1
       1
       1
       1
       3
       1
       2
       0
       0
       1
       0
       2
       1
       0
       1
       1
       2
       2
       0
       0
       1
       2
       0
       1
       0
       1
       2
       0
       1
       0
       0
       0
       1
       2
       2
       0
       1
       1
       3
       1
       1
       0
       0
       0
       0
       1
       1
       1
       0
       1
       0
       0
       2
       2
       3
       1
       2
       1
       0
       1
       0
       1
       1
       0
       2
       1
       1
       0
       0
       0
       1
       1
       0
       0
       1
       0
       2
       2
       0
       0
       0
       2
       0
       0
       2
       1
       0
       0
       2
       0
       0
       1
       1
       0
       0
       0
       0
       0
       2
       4
       2
       0
       0
       0
       1
       1
       0
       1
       2
       0
       2
       0
       1
       0
       2
       1
       0
       2
       0
       1
       0
       1
       0
       2
       2
       2
       3
       1
       1
       2
       1
       0
       1
       0
       2
       0
       0
       0
       2
       1
       0
       0
       2
       0
       0
       0
       0
       0
       0
       0
       0
       1
       2
       0
       2
       1
       1
       1
       1
       0
       0
       0
       0
       3
       0
       2
       0
       2
       0
       0
       0
       1
       1
       0
       1
       0
       0
       0
       1
       0
       0
       2
       0
       0
       2
       2
       2
       1
       0
       0
       0
       1
       1
       0
       0
       0
       1
       1
       2
       0
       0
       1
       1
       0
       0
       0
       0
       0
       0
       0
       1
       0
       0
       2
       1
       0
       2
       0
       0
       0
       1
       0
       0
       0
       1
       1
       1
       1
       0
       2
       1
       1
       0
       1
       0
       0
       0
       1
       0
       1
       1
       2
       2
       0
       0
       0
       0
       1
       0
       0
       1
       0
       1
       1
       2
       0
       0
       0
       1
       0
       1
       0
       0
       2
       1
       2
       0
       0
       0
       0
       0
       1
       0
       0
       1
       0
       1
       0
       1
       2
       0
       0
       2
       1
       1
       1
       1
       0
       2
       1
       1
       1
       0
       2
       2
       0
       2
       0
       1
       2
       2
       2
       0
       2
       1
       1
       0
       1
       1
       1
       1
       2
       0
       1
       2
       1
       1
       0
       1
       1
       1
       1
       0
       2
       0
       0
       1
       0
       0
       0
       0
       0
       1
       0
       2
       0
       0
       0
       1
       0
       1
       0
       1
       0
       1
       0
       0
       0
       0
       0
       2
       2
       0
       0
       2
       2
       0
       4
       0
       0
       1
       1
       2
       0
       0
       1
       2
       0
       0
       2
       0
       1
       0
       0
       2
       3
       0
       1
       2
       1
       0
       0
       0
       1
       1
       2
       2
       1
       2
       1
       0
       0
       0
       1
       0
       1
       1
       2
       0
       2
       0
       1
       0
       1
       2
       1
       0
       3
       0
       0
       0
       1
       1
       0
       1
       0
       0
       0
       0
       1
       1
       1
       1
       1
       1
       1
       3
       4
       0
       4
       3
       3
       3
       3
       7
       0
       6
       4
       4
       0
       1
       0
       2
       1
       1
       1
       0
       0
       2
       0
       3
       1
       2
       2
       0
       0
       2
       1
       0
       0
       1
       2
       0
       1
       0
       1
       0
       2
       1
       0
       2
       2
       0
       0
       0
       1
       2
       2
       3
       1
       0
       0
       0
       1
       2
       0
       0
       1
       0
       0
       0
       0
       0
       2
       0
       2
       0
       2
       0
       1
       3
       1
       0
       1
       0
       2
       0
       1
       0
       1
       2
       0
       0
       0
       0
       1
       3
       0
       1
       2
       1
       0
       1
       0
       0
       0
       0
       1
       0
       0
       2
       3
       0
       1
       0
       1
       1
       1
       1
       0
       1
       0
       0
       1
       1
       0
       3
       1
       1
       2
       1
       1
       0
       1
       1
       1
       1
       1
       1
       1
       1
       0
       1
       1
       0
       0
       0
       0
       2
       2
       0
       0
       0
       1
       2
       0
       1
       0
       1
       0
       3
       0
       2
       1
       0
       0
       2
       2
       0
       0
       2
       1
       1
       0
       2
       0
       0
       0
       0
       1
       1
       1
       0
       1
       1
       0
       0
       1
       1
       1
       0
       1
       0
       0
       1
       1
       1
       2
       3
       1
       3
       2
       0
       0
       2
       1
       0
       3
       2
       0
       2
       1
       1
       1
       3
       4
       2
       4
       8
      11
       7
      13
      13
      22
      28
      25
      21
      24
      37
      27
      32
      38
      29
      23
      23
      22
      15
       4
       8
       5
       7
       3
       4
       2
       1
       0
       0
       1
       0
       0
       1
       0
       1
       0
       1
       1
       0
       0
       1
       2
       1
       1
       0
       2
       0
       0
       1
       0
       0
       0
       1
       0
       1
       0
       0
       1
       0
       0
       1
       1
       0
       1
       2
       1
       0
       2
       0
       2
       2
       0
       0
       1
       2
       0
       2
       1
       0
       0
       0
       1
       1
       0
       0
       0
       0
       0
       1
       0
       1
       0
       0
       0
       0
       1
       1
       0
       1
       0
       1
       0
       1
       1
       0
       1
       4
       1
       0
       3
       1
       0
       0
       3
       0
       0
       0
       1
       0
       0
       1
       0
       2
       0
       1
       1
       0
       0
       0
       0
       1
       2
       0
       4
       1
       1
       1
       1
       0
       0
       0
       1
       0
       0
       3
       1
       0
       0
       0
       0
       1
       0
       1
       0
       0
       1
       0
       1
       0
       0
       0
       0
       1
       1
       2
       2
       0
       0
       0
       0
       2
       0
       0
       0
       1
       0
       0
       2
       3
       2
       2
       1
       1
       0
       0
       0
       0
       0
       1
       0
       1
       0
       0
       0
       0
       1
       0
       1
       3
       0
       1
       3
       0
       1
       1
       0
       1
       0
       0
       0
       0
       2
       2
       1
       0
       1
       1
       1
       1
       1
       1
       1
       1
       1
       0
       1
       2
       1
       2
       0
       0
       0
       1
       0
       0
       1
       1
       1
       2
       0
       1
       0
       0
       1
       0
       0
       0
       0
       0
       0
       1
       0
       1
       0
       0
       0
       1
       1
       0
       1
       0
       0
       0
       0
       0
       0
       0
       0
       0
       0
       1
       1
       0
       0
       0
       0
       0
       1
       0
       0
       2
       1
       1
       1
       0
       1
       0
       0
       1
       1
       0
       0
       1
       1
       0
       0
       0
       2
       0
       1
       0
       0
       0
       0
       0
       0
       2
       1
       0
       0
       0
       0
       0
       3
       0
       0
       0
       1
       0
       1
       0
       1
       0
       0
       0
       1
       0
       1
       0
       1
       0
       2
       1
       2
       2
       1
       0
       1
       0
       1
       0
       1
       0
       0
       1
       0
       2
       1
       1
       0
       1
       0
       2
       0
       0
       0
       1
       1
       0
       1
       0
       0
       0
       0
       1
       1
       0
       0
       0
       2
       1
       1
       0
       0
       1
       0
       0
       2
       0
       0
       0
       0
       1
       1
       1
       0
       1
       0
       1
       1
       0
       0
       1
       0
       0
       0
       0
       2
       0
       0
       3
       0
       0
       0
       0
       0
       1
       0
       2
       2
       1
       0
       2
       0
       0
       0
       0
       1
       0
       0
       1
       0
       0
       0
       2
       0
       0
       0
       0
       0
       0
       0
       0
       2
       0
       0
       1
       1
       0
       1
       0
       2
       0
       1
       1
       3
       1
       0
       0
       0
       0
       0
       0
       0
       1
       1
       0
       0
       1
       1
       0
       0
       0
       0
       0
       1
       0
       0
       1
       0
       0
       0
       0
       1
       1
       1
       1
       1
       0
       0
       0
       1
       2
       0
       1
       0
       0
       1
       1
       1
       3
       2
       0
       4
       1
       1
       3
       0
       2
       4
       3
       1
       1
       0
       0
       0
       0
       0
       2
       0
       0
       0
       0
       3
       0
       1
       1
       1
       0
       0
       1
       0
       2
       0
       1
       0
       0
       0
       0
       0
       1
       0
       0
       1
       0
       0
       1
       0
       0
       0
       0
       1
       1
       1
       0
       0
       0
       2
       0
       1
       1
       0
       0
       0
       0
       0
       1
       1
       1
       1
       0
       1
       0
       1
       0
       0
       0
       1
       0
       1
       0
       0
       1
       0
       1
       1
       2
       0
       0
       0
       0
       1
       0
       1
       0
       0
       0
       0
       0
       1
       0
       1
       1
       0
       0
       0
       1
       0
       1
       1
       0
       0
       0
       0
       0
       0
       0
       0
       0
       0
       0
       0
       0
       0
       1
       0
       0
       0
       1
       1
       1
       0
       0
       0
       0
       0
       0
       1
       0
       0
       1
       0
       1
       1
       0
       0
       1
       0
       0
       0
       0
       0
       1
       1
       0
       1
       0
       0
       0
       1
       0
       1
       1
       0
       0
       0
       0
       0
       0
       0
       0
       1
       0
       0
       0
       0
       0
       0
       0
       0
       1
       0
       2
       1
       1
       0
       1
       0
       1
       0
       0
       0
       1
       0
       0
       0
       0
       0
       0
       0
       0
       0
       0
       1
       0
       0
       0
       0
       0
       0
       1
       0
       0
       2
       0
       0
       0
       1
       1
       1
       0
       2
       0
       0
       0
       0
       1
       0
       0
       0
       0
       2
       0
       0
       0
       0
       0
       0
       0
       0
       1
       1
       1
       1
       0
       0
       1
       0
       0
       0
       0
       0
       1
       0
       0
       0
       1
       0
       0
       0
       0
       0
       0
       0
       0
       0
       1
       0
       2
       1
       0
       0
       0
       0
       0
       0
       0
       1
       0
       0
       0
       1
       0
       0
       0
       0
       0
       0
       0
       0
       0
       1
       0
       0
       1
       1
       0
       0
       1
       0
       1
       1
       0
       1
       0
       0
       1
       1
       1
       0
       0
       0
       0
       0
       0
       0
       1
       0
       0
       0
       1
       0
       0
       0
       1
       0
       0
       0
       0
       0
       0
       0
       0
       1
       0
       0
       0
       1
       1
       0
       0
       0
       0
       0
       0
       0
       0
       1
       1
       0
       0
       0
       1
       2
       1
       3
       1
       0
       2
       0
       0
       0
       1
       0
       0
       0
       0
       0
       0
       1
       0
       0
       0
       1
       0
       0
       1
       0
       0
       0
       0
       0
       0
       0
       0
       0
       0
       0
       1
       1
       0
       1
       0
       0
       1
       0
       0
       0
       0
       1
       0
       1
       1
       0
       1
       1
       0
       0
       1
       0
       0
       0
       0
       1
       1
       1
       0
       0
       0
       1
       0
       2
       0
       0
       0
       0
       0
       0
       1
       1
       0
       0
       0
       0
       0
       0
       0
       0
       0
       1
       0
       1
       0
       0
       0
       1
       0
       1
       0
       1
       2
       1
       0
       0
       2
       0
       0
       0
       0
       0
       1
       0
       0
       0
       0
       0
       2
       0
       0
       0
       1
       0
       0
       0
       0
       0
       0
       1
       0
       1
       0
       0
       0
       0
       0
       1
       0
       0
       0
       0
       0
       0
       0
       1
       0
       0
       0
       0
       1
       0
       1
       0
       0
       0
       0
       0
       0
       0
       0
       0
       0
       0
       1
       1
       0
       2
       0
       1
       1
       2
       3
       0
       3
       2
       0
       0
       2
       1
       2
       4
       4
       3
       4
       2
       1
       2
       0
       2
       4
       1
       0
       1
       2
       0
       2
       4
       1
       0
       0
       1
       1
       0
       0
       0
       0
       1
       0
       0
       0
       0
       0
       1
       1
       0
       0
       0
       0
       0
       0
       0
       1
       1
       1
       0
       0
       0
       0
       1
       0
       0
       0
       0
       0
       0
       0
       0
       0
       0
       0
       0
       0
       0
       1
       0
       0
       0
       1
       0
       1
       0
       0
       0
       0
       1
       1
       0
       0
       1
       0
       0
       0
       0
       0
       0
       0
       1
       0
       0
       0
       0
       0
       0
       0
       0
       0
       0
       1
       1
       0
       0
       1
       0
       0
       0
       0
       0
       0
       0
       0
       0
       0
       0
       0
       0
       0
       0
       1
       0
       0
       0
       0
       0
       1
       0
       0
       0
       0
       1
       0
       0
       1
       0
       0
       0
       0
       0
       0
       0
       0
       0
       0
       0
       0
       0
       0
       0
       1
       1
       0
       0
       0
       1
       0
       0
       0
       0
       0
       0
       0
       0
       0
       0
       0
       0
       0
       0
       0
       0
       1
       1
       0
       0
       1
       0
       1
       0
       0
       1
       0
       0
       0
       1
       0
       0
       1
       0
       0
       1
       0
       0
       0
       0
       0
       0
       0
       0
       0
       0
       0
       0
       0
       0
       0
       0
       0
       0
       0
       0
       0
       0
       0
       2
       0
       0
       1
       0
       1
       0
       1
       0
       0
       0
       1
       1
       1
       0
       0
       0
       1
       0
       0
       0
       1
       0
       0
       0
       0
       0
       0
       1
       0
       0
       0
       1
       1
       0
       0
       0
       1
       0
       0
       0
       0
       0
       0
       0
       1
       0
       0
       0
       1
       0
       0
       0
       0
       0
       1
       1
       0
       1
       0
       0
       0
       0
       0
       0
       0
       0
       0
       1
       1
       0
       0
       0
       1
       0
       0
       0
       0
       0
       1
       0
       0
       1
       1
       0
       0
       0
       0
       0
       0
       0
       0
       0
       0
       0
       0
       0
       0
       0
       1
       0
       0
       0
       0
       1
       1
       2
       0
       0
       1
       0
       0
       0
       0
       1
       0
       0
       0
       0
       1
       0
       1
       0
       0
       0
       0
       0
       0
       0
       0
       0
       0
       0
       0
       1
       1
       0
       0
       0
       0
       1
       0
       0
       1
       0
       0
       1
       1
       0
       0
       1
       0
       0
       0
       1
       0
       0
       0
       0
       0
       0
       0
       0
       1
       0
       0
       0
       1
       1
       1
       0
       0
       0
       1
       0
       0
       0
       0
       0
       0
       0
       0
       0
       1
       0
       0
       0
       0
       0
       1
       0
       0
       0
       0
       0
       0
       0
       0
       1
       0
       0
       2
       0
       0
       0
       0
       0
       0
       0
       0
       0
       0
       1
       1
       0
       0
       1
       0
       0
       0
       0
       0
       0
       1
       0
       0
       0
       0
       0
       0
       0
       1
       0
       0
       0
       2
       0
       1
       1
       0
       1
       0
       0
       0
       1
       0
       0
       0
       0
       0
       0
       0
       0
       0
       0
       0
       1
       0
       0
       0
       0
       0
       0
       0
       0
       0
       0
       0
       0
       0
       0
       0
       0
       0
       0
       0
       1
       0
       2
       0
       0
       0
       0
       0
       1
       0
       2
       3
       1
       9
       7
       2
      10
       8
      11
      13
      11
      16
      12
      10
      10
      10
       4
       3
       5
       5
       1
       5
       2
       1
       1
       2
       1
       0
       0
       0
       0
       0
       1
       2
       0
       0
       0
       2
       1
       0
       0
       0
       1
       0
       0
       0
       0
       0
       0
       0
       0
       0
       0
       0
       2
       0
       0
       0
       0
       0
       0
       0
       2
       0
       0
       0
       0
       0
       0
       0
       0
       0
       0
       0
       0
       0
       1
       1
       0
       0
       0
       0
       0
       0
       0
       0
       1
       1
       0
       0
       1
       0
       0
       1
       1
       0
       0
       1
       1
       0
       0
       0
       0
       0
       0
       1
       2
       0
       0
       0
       1
       0
       0
       0
       0
       0
       0
       1
       0
       1
       0
       0
       0
       0
       0
       0
       0
       0
       0
       0
       0
       2
       0
       0
       0
       0
       1
       0
       0
       0
       0
       2
       0
       0
       0
       0
       0
       0
       0
       0
       0
       0
       0
       0
       2
       0
       0
       0
       0
       0
       1
       0
       0
       0
       0
       0
       0
       0
       0
       0
       1
       0
       0
       0
       0
       0
       0
       0
       0
       0
       1
       0
       0
       0
       0
       0
       0
       0
       0
       0
       1
       1
       0
       0
       0
       0
       1
       1
       2
       0
       2
       0
       0
       0
       0
       0
       0
       1
       0
       0
       0
       0
       0
       0
       0
       0
       0
       0
       1
       1
       0
       0
       0
       0
       0
       0
       0
       1
       0
       0
       0
       0
       0
       1
       1
       0
       0
       1
       1
       0
       1
       0
       0
       1
       0
       0
       1
       0
       0
       0
       0
       1
       0
       0
       0
       0
       0
       0
       0
       0
       0
       1
       0
       0
       0
       0
       0
       1
       0
       0
       0
       1
       0
       0
       1
       0
       0
       0
       0
       0
       0
       0
       0
       1
       1
       0
       0
       0
       0
       0
       0
       0
       0
       1
       0
       0
       0
       0
       0
       0
       0
       0
       1
       0
       1
       1
       0
       0
       1
       0
       0
       0
       0
       0
       0
       2
       2
       0
       0
       0
       0
       0
       0
       1
       0
       0
       0
       0
       0
       0
       0
       1
       0
       0
       0
       0
       0
       0
       0
       1
       0
       1
       2
       2
       0
       1
       0
       0
       0
       0
       0
       0
       1
       0
       0
       1
       0
       1
       0
       1
       0
       0
       0
       0
       1
       0
       1
       0
       0
       0
       0
       0
       0
       2
       0
       0
       0
       0
       0
       1
       0
       2
       0
       0
       0
       0
       0
       1
       0
       0
       0
       0
       0
       0
       0
       0
       0
       0
       0
       0
       0
       0
       0
       0
       0
       0
       0
       0
       0
       0
       0
       0
       0
       1
       1
       1
       0
       0
       0
       0
       0
       0
       0
       0
       1
       0
       0
       0
       0
       1
       0
       0
       0
       0
       0
       0
       0
       0
       1
       0
       0
       0
       0
       0
       0
       0
       0
       0
       0
       0
       0
       1
       0
       0
       1
       1
       0
       0
       0
       0
       0
       0
       0
       0
       0
       0
       0
       0
       0
       0
       0
       0
       0
       0
       1
       0
       0
       0
       0
       0
       0
       1
       1
       0
       0
       1
       1
       1
       0
       0
       0
       0
       0
       0
       1
       0
       1
       0
       0
       0
       0
       0
       1
       0
       0
       0
       0
       0
       0
       0
       0
       0
       0
       0
       1
       0
       1
       1
       0
       1
       0
       0
       0
       0
       0
       0
       0
       0
       0
       0
       0
       1
       0
       0
       0
       0
       1
       0
       0
       0
       1
       0
       0
       0
       0
       0
       0
       1
       0
       0
       0
       0
       0
       0
       0
       0
       0
       0
       0
       0
       0
       1
       1
       0
       0
       0
       0
       0
       0
       0
       0
       0
       0
       0
       0
       1
       0
       0
       0
       1
       1
       0
       1
       1
       0
       0
       0
       0
       0
       1
       1
       2
       0
       1
       0
       0
       1
       0
       0
       0
       0
       0
       0
       0
       0
       0
       0
       1
       0
       0
       1
       0
       0
       1
       0
       0
       2
       0
       0
       0
       0
       1
       1
       0
       0
       0
       1
       0
       1
       0
       0
       0
       0
       0
       0
       0
       0
       2
       0
       0
       0
       0
       0
       0
       0
       0
       0
       0
       0
       0
       0
       0
       0
       1
       0
       0
       0
       0
       0
       0
       0
       0
       0
       0
       0
       1
       2
       1
       0
       0
       1
       0
       0
       0
       0
       0
       0
       0
       0
       0
       0
       1
       0
       0
       0
       1
       0
       0
       0
       0
       0
       0
       0
       0
       1
       0
       1
       0
       0
       0
       0
       0
       0
       0
       1
       0
       1
       1
       0
       1
       1
       0
       0
       0
       0
       0
       0
       0
       1
       0
       0
       0
       0
       0
       0
       0
       0
       0
       0
       0
       0
       0
       1
       0
       1
       0
       0
       0
       0
       1
       0
       0
       1
       1
       0
       1
       0
       2
       0
       0
       0
       1
       0
       0
       0
       0
       0
       2
       0
       0
       0
       2
       0
       0
       0
       0
       1
       0
       0
       0
       0
       0
       1
       1
       0
       0
       1
       0
       0
       0
       1
       2
       1
       1
       0
       0
       0
       0
       0
       0
       1
       0
       1
       0
       0
       0
       0
       0
       0
       0
       0
       0
       1
       0
       0
       0
       0
       0
       0
       0
       0
       0
       0
       0
       0
       0
       0
       0
       0
       0
       0
       1
       0
       0
       0
       0
       0
       1
       0
       0
       0
       0
       0
       0
       0
       0
       0
       0
       0
       1
       0
       0
       0
       0
       1
       0
       1
       0
       1
       1
       0
       0
       0
       2
       0
       0
       1
       0
       0
       0
       0
       0
       0
       0
       1
       1
       0
       0
       1
       0
       0
       1
       0
       0
       1
       0
       0
       0
       0
       0
       1
       1
       0
       0
       0
       0
       0
       1
       1
       0
       1
       0
       0
       0
       1
       1
       0
       0
       0
       0
       1
       0
       0
       0
       0
       0
       0
       0
       2
       0
       1
       0
       0
       0
       0
       0
       1
       0
       0
       0
       0
       0
       0
       0
       0
       0
       0
       0
       0
       0
       1
       1
       2
       0
       2
       0
       0
       0
       0
       0
       0
       0
       0
       1
       0
       0
       0
       0
       0
       0
       0
       0
       0
       0
       0
       0
       0
       0
       1
       0
       0
       1
       0
       0
       1
       1
       0
       0
       0
       0
       0
       0
       0
       1
       0
       0
       0
       1
       0
       0
       0
       0
       0
       0
       0
       0
       0
       0
       0
       1
       0
       0
       1
       0
       0
       0
       0
       0
       0
       1
       0
       1
       0
       0
       0
       0
       1
       0
       0
       0
       0
       0
       1
       0
       0
       0
       0
       1
       0
       0
       0
       0
       0
       0
       0
       0
       0
       1
       0
       0
       0
       0
       0
       0
       0
       0
       0
       0
       0
       0
       0
       1
       0
       0
       0
       0
       0
       1
       0
       0
       0
       0
       0
       0
       0
       0
       0
       0
       0
       0
       1
       0
       0
       0
       0
       0
       1
       0
       0
       0
       0
       0
       0
       0
       0
       0
       0
       0
       1
       0
       0
       0
       0
       0
       1
       0
       0
       0
       0
       1
       0
       1
       0
       0
       0
       0
       0
       0
       0
       0
       0
       0
       0
       0
       0
       0
       0
       0
       0
       0
       0
       0
       0
       0
       1
       0
       1
       1
       0
       1
       0
       0
       0
       0
       0
       0
       0
       1
       1
       0
       0
       0
       0
       0
       0
       0
       0
       0
       0
       0
       0
       0
       0
       0
       0
       0
       0
       0
       0
       0
       0
       0
       0
       0
       0
       0
       0
       0
       1
       0
       0
       0
       0
       0
       0
       0
       0
       0
       0
       0
       0
       1
       0
       0
       0
       0
       0
       0
       0
       0
       0
       0
       0
       1
       0
       0
       0
       0
       1
       0
       0
       0
       0
       0
       0
       1
       0
       0
       0
       0
       0
       0
       0
       0
       0
       0
       0
       0
       0
       0
       0
       0
       0
       0
       0
       0
       0
       0
       0
       0
       0
       1
       0
       1
       0
       0
       0
       1
       0
       0
       0
       0
       0
       0
       0
       0
       0
       0
       0
       0
       0
       0
       0
       0
       0
       0
       1
       0
       0
       0
       0
       0
       0
       0
       1
       0
       0
       0
       0
       0
       0
       1
       0
       0
       0
       0
       0
       0
       0
       0
       0
       0
       1
       0
       0
       0
       0
       0
       0
       0
       0
       1
       0
       0
       0
       0
       0
       0
       0
       1
       0
       0
       0
       0
       0
       0
       0
       0
       0
       0
       0
       0
       0
       0
       0
       0
       0
       0
       0
       0
       0
       0
       0
       1
       0
       0
       0
       1
       0
       0
       0
       0
       1
       0
       0
       1
       0
       0
       0
       0
       0
       0
       0
       0
       0
       1
       0
       1
       0
       0
       0
       0
       0
       0
       0
       0
       0
       0
       0
       0
       0
       0
       0
       0
       0
       0
       0
       0
       0
       0
       0
       0
       0
       0
       0
       0
       0
       0
       0
       0
       0
       0
       0
       0
       0
       0
       0
       0
       0
       0
       0
       0
       0
       0
       0
       0
       0
       0
       0
       0
       0
       0
       0
       1
       0
       0
       1
       0
       1
       0
       0
       0
       0
       0
       0
       0
       0
       0
       0
       1
       0
       0
       0
       0
       0
       0
       0
       0
       0
       0
       0
       0
       0
       0
       1
       0
       0
       0
       0
       0
       0
       0
       0
       0
       0
       0
       0
       0
       0
       0
       0
       0
       0
       0
       0
       0
       0
       0
       0
       0
       0
       0
       0
       0
       0
       0
       0
       0
       0
       0
       0
       0
       0
       0
       1
       0
       0
       0
       0
       0
       0
       0
       0
       0
       0
       0
       0
       0
       0
       0
       0
       0
       0
       0
       1
       0
       0
       0
       0
       0
       0
       0
       0
       0
       0
       0
       0
       0
       0
       0
       0
       0
       0
       0
       0
       0
       0
       0
       0
       0
       0
       0
       0
       0
       0
       0
       0
       0
       0
       0
       0
       0
       0
       0
       0
       0
       0
       0
       0
       0
       1
       0
       0
       0
       0
       0
       1
$ROI:
7
2503 2624
4209 4291
5181 5252
9052 9127
10545 10668
12603 12725
13302 13375
$PRESETS:
Live Time
600
0
$ENER_FIT:
-0.095008 0.199753
$MCA_CAL:
3
-9.500837E-002 1.997529E-001 -8.172265E-008
$SHAPE_CAL:
3
2.998052E+000 1.653835E-003 -1.547680E-007
