$SPEC_ID:
24Nov12 calibration check
$SPEC_REM:
DET# 1
DETDESC# DSPP-195
AP# GammaVision Version 5.31
$DATE_MEA:
11/19/2024 16:15:06
$MEAS_TIM:
517 602
$DATA:
0 16383
       0
       0
       0
       0
       0
       0
       0
       0
       0
       1
       1
       0
       2
       2
       2
       0
       0
       0
       1
       1
       1
       0
       1
       3
       0
       3
       3
       0
       1
       1
       2
       2
       2
       2
       2
       5
       3
       5
       5
       1
       3
       1
       4
       5
       1
       5
       6
       5
       6
     107
     521
     772
     725
     699
     739
     727
     744
     789
     705
     737
     721
     754
     781
     753
     784
     765
     782
     749
     740
     780
     793
     805
     813
     801
     818
     823
     831
     822
     826
     824
     795
     865
     949
     815
     853
     828
     835
     821
     820
     872
     818
     858
     794
     825
     959
     824
     873
     857
     919
     887
     861
     897
     871
     825
     868
     862
     892
     939
     848
     913
     942
     911
     860
     872
     886
     881
     915
     879
     898
     896
     925
     919
     937
     907
     898
     933
     902
     900
     891
     857
     887
     891
     895
     910
     891
     908
     880
     911
     862
     878
     872
     868
     943
     911
     916
     896
     904
     859
     948
     909
     955
     982
     898
     888
     935
     906
     884
     920
     897
     879
     914
     954
     858
     915
     953
     908
     968
     929
     899
     968
     930
     953
     876
     903
     916
     947
     924
     921
     963
     946
     962
     953
     952
     975
     968
     998
     930
     952
     984
     955
     982
     963
    1004
     958
    1004
     960
    1006
     935
     998
     933
     979
    1016
     975
     945
     969
     951
     998
     956
    1028
     981
    1008
     910
    1030
     989
    1052
     976
     937
    1023
     975
     960
    1007
     967
    1062
    1011
    1015
     985
     999
     993
    1052
    1046
    1048
     983
    1016
     983
    1027
     989
    1027
     997
    1037
     957
    1022
    1025
    1055
    1021
    1050
     985
    1024
    1096
    1015
    1048
     982
     993
    1050
    1094
    1072
    1072
    1012
    1046
    1054
    1126
    1078
    1052
    1062
    1051
    1051
    1020
    1088
    1091
    1084
    1042
    1018
    1046
    1141
    1034
    1093
    1065
    1069
    1059
    1087
    1046
    1041
    1087
    1060
    1077
    1109
    1102
    1091
    1117
    1132
    1079
    1111
    1121
    1163
    1284
    1217
    1212
    1125
    1130
    1089
    1052
    1089
    1135
    1085
    1099
    1043
    1051
    1052
    1160
    1067
    1076
    1094
    1097
    1083
    1101
    1111
    1074
    1104
    1053
    1131
    1061
    1103
    1111
    1124
    1135
    1157
    1023
    1126
    1109
    1083
    1160
    1052
    1048
    1077
    1124
    1031
    1008
    1085
    1088
    1113
    1088
    1085
    1067
    1054
    1102
    1138
    1095
    1084
    1035
    1078
    1128
    1091
    1061
    1063
    1135
    1118
    1111
    1111
    1113
    1139
    1111
    1052
    1160
    1149
    1102
    1110
    1110
    1105
    1107
    1123
    1028
    1087
    1112
    1231
    1062
    1116
    1079
    1097
    1103
    1073
    1129
    1115
    1093
    1101
    1098
    1085
    1138
    1113
    1144
    1100
    1085
    1116
    1101
    1160
    1137
    1145
    1124
    1058
    1056
    1076
    1104
    1061
    1067
    1085
    1120
    1156
    1068
    1133
    1171
    1012
    1090
    1135
    1093
    1152
    1135
    1153
    1031
    1064
    1101
    1120
    1089
    1060
    1141
    1092
    1087
    1057
    1110
    1140
    1111
    1099
    1046
    1144
    1052
    1091
    1079
    1088
    1089
    1099
    1080
    1068
    1131
    1103
    1063
    1106
    1051
    1128
    1063
    1087
    1112
    1138
    1049
    1045
    1144
    1045
    1070
    1046
    1071
    1117
    1030
    1012
    1045
    1121
    1084
    1075
    1047
    1132
    1062
    1090
    1060
    1060
    1127
    1050
    1068
    1042
    1054
    1053
    1045
    1069
    1063
    1088
    1069
    1146
    1085
    1013
    1016
    1057
    1065
    1003
    1076
    1062
    1109
    1120
    1076
    1017
    1072
    1047
    1047
    1072
    1058
    1059
    1047
    1042
    1050
    1037
    1018
    1045
     985
    1023
    1043
    1081
    1039
    1063
     991
     996
    1013
    1017
    1047
    1075
     963
    1049
    1086
    1039
    1069
    1087
    1051
     997
     996
    1035
    1094
    1013
    1025
    1027
    1019
    1023
     995
    1050
    1004
    1040
    1015
    1021
    1008
    1029
    1054
     985
    1061
     986
     997
    1010
    1054
    1031
    1007
    1002
    1022
    1056
    1017
    1045
    1007
     974
    1059
    1027
    1019
     993
    1040
    1029
    1062
    1010
    1001
     949
    1043
    1041
    1059
    1056
    1029
    1042
    1043
    1071
     991
    1053
    1041
    1032
     994
    1023
     971
    1004
     986
    1035
    1012
    1012
     982
     948
    1028
    1059
     977
     993
    1013
    1013
    1028
     958
    1027
     988
     939
    1041
     987
    1032
    1002
     986
    1013
    1057
    1006
    1023
    1030
    1012
    1054
    1062
    1036
    1081
    1007
     975
     998
    1035
    1032
    1005
    1019
    1011
     926
     982
    1020
    1020
    1006
     992
    1044
     961
    1002
    1021
     982
    1012
     993
     943
    1005
    1020
    1027
    1000
    1003
    1037
     979
    1002
     990
     922
     914
    1062
    1011
     916
     957
     968
     960
    1009
    1031
     970
    1022
     952
     944
    1051
    1031
    1045
     987
    1028
     978
     964
     989
     958
     990
    1012
     983
     965
    1023
     978
    1050
     980
    1001
    1002
     969
     983
     998
     950
     966
    1012
     903
     992
     931
     928
     907
     966
     962
     941
     912
     987
     952
     899
     947
     937
     949
     969
     897
     946
     936
     912
     940
     921
     978
     946
     930
     953
     893
     945
     930
     945
     877
     934
     961
     886
     950
     880
     941
     950
     907
     950
     891
     954
     915
     899
    1006
     955
     912
     961
     930
     909
     890
     929
     944
     956
     864
     851
     949
     911
     926
     926
     902
     891
     900
     932
     926
     926
     903
     883
     839
     917
     877
     903
     950
     876
     935
     904
     908
     888
     884
     878
     904
     909
     893
     883
     922
     901
     877
     884
     930
     896
     916
     898
     852
     852
     908
     920
     868
     934
     842
     887
     900
     868
     935
     885
     894
     862
     870
     886
     838
     859
     825
     855
     898
     862
     876
     865
     898
     859
     881
     878
     867
     871
     827
     927
     906
     851
     878
     879
     860
     889
     882
     843
     918
     879
     858
     878
     846
     882
     862
     939
     877
     898
     887
     886
     885
     854
     873
     859
     854
     837
     848
     862
     846
     893
     847
     870
     935
     845
     852
     880
     872
     870
     881
     903
     888
     902
     903
     940
     942
     970
     924
     941
     934
     880
     956
     911
     941
     926
     942
     929
     912
     882
     938
     938
     915
     915
     881
     946
     921
     915
     921
     903
     858
     918
     904
     865
     896
     876
     908
     858
     927
     836
     845
     914
     864
     893
     833
     854
     904
     893
     903
     849
     845
     861
     882
     876
     803
     816
     886
     856
     870
     895
     862
     847
     857
     830
     862
     866
     935
     885
     845
     837
     821
     782
     856
     881
     862
     830
     838
     856
     861
     851
     889
     895
     881
     849
     895
     904
     844
     855
     856
     840
     840
     822
     801
     872
     803
     857
     875
     795
     841
     806
     834
     801
     878
     873
     822
     829
     819
     824
     884
     831
     856
     832
     840
     853
     816
     835
     810
     863
     869
     857
     913
     872
     878
     872
     881
     886
     882
     872
     911
     858
     901
     945
     889
     961
     921
     975
     931
     952
     973
     985
     992
    1054
    1012
    1005
    1039
    1058
     987
     994
    1038
    1013
     979
    1007
     999
     969
     987
     975
     964
    1003
     983
     925
     929
     925
     918
     936
     887
     925
     860
     879
     936
     869
     892
     910
     890
     870
     896
     881
     964
     852
     829
     838
     897
     858
     857
     842
     850
     861
     873
     848
     862
     835
     783
     897
     921
     893
     877
     858
     887
     879
     854
     834
     816
     815
     815
     849
     836
     830
     884
     807
     837
     827
     841
     875
     859
     843
     794
     801
     828
     777
     865
     835
     845
     802
     852
     865
     854
     829
     836
     832
     811
     791
     805
     834
     831
     778
     829
     797
     770
     808
     824
     805
     857
     837
     837
     768
     773
     794
     825
     799
     810
     761
     788
     764
     793
     844
     795
     735
     765
     819
     813
     781
     784
     788
     802
     738
     795
     775
     801
     782
     806
     791
     800
     800
     780
     807
     821
     788
     789
     814
     808
     841
     827
     837
     774
     800
     825
     788
     776
     819
     868
     840
     835
     818
     788
     818
     806
     787
     859
     860
     820
     821
     761
     767
     820
     818
     847
     809
     828
     836
     817
     791
     793
     756
     745
     787
     863
     784
     761
     797
     750
     780
     810
     821
     763
     776
     779
     834
     787
     793
     776
     764
     729
     800
     788
     776
     772
     781
     761
     773
     744
     801
     728
     747
     727
     726
     731
     755
     747
     771
     758
     805
     794
     791
     776
     750
     761
     772
     771
     726
     769
     700
     757
     737
     748
     777
     781
     768
     777
     693
     732
     762
     746
     748
     762
     724
     732
     714
     735
     754
     718
     731
     729
     699
     719
     725
     704
     744
     761
     750
     699
     686
     744
     717
     698
     708
     698
     738
     668
     683
     727
     688
     740
     694
     691
     657
     731
     705
     729
     701
     675
     663
     735
     700
     694
     666
     684
     727
     755
     680
     700
     707
     728
     675
     671
     716
     688
     694
     706
     702
     664
     662
     694
     656
     681
     681
     632
     646
     637
     655
     657
     658
     734
     655
     669
     675
     689
     667
     684
     672
     657
     651
     663
     651
     679
     679
     676
     695
     712
     692
     688
     678
     667
     680
     729
     639
     629
     656
     683
     674
     688
     690
     701
     665
     696
     627
     683
     645
     696
     671
     694
     687
     668
     695
     592
     638
     667
     676
     708
     654
     595
     657
     622
     675
     689
     674
     658
     638
     639
     590
     626
     663
     651
     646
     665
     662
     677
     642
     657
     613
     625
     641
     631
     667
     680
     622
     677
     680
     651
     637
     657
     614
     674
     659
     640
     610
     633
     655
     632
     652
     604
     638
     670
     683
     722
     656
     678
     676
     672
     632
     656
     662
     665
     586
     622
     606
     620
     679
     637
     636
     658
     640
     645
     650
     611
     688
     633
     681
     641
     609
     673
     617
     608
     597
     684
     699
     681
     602
     606
     651
     639
     648
     645
     581
     665
     620
     633
     632
     594
     606
     587
     616
     629
     618
     608
     681
     652
     627
     667
     638
     612
     591
     674
     576
     614
     606
     614
     591
     583
     560
     611
     621
     638
     599
     679
     675
     588
     621
     607
     615
     627
     687
     629
     643
     646
     591
     632
     605
     642
     627
     656
     646
     602
     608
     616
     616
     648
     644
     633
     632
     650
     624
     648
     623
     651
     622
     626
     604
     626
     634
     632
     594
     623
     696
     628
     644
     640
     645
     620
     635
     594
     586
     620
     626
     597
     596
     616
     627
     641
     632
     675
     611
     575
     590
     619
     643
     659
     651
     652
     652
     625
     652
     595
     666
     642
     618
     619
     630
     690
     592
     587
     629
     668
     582
     599
     611
     585
     593
     602
     645
     618
     653
     642
     562
     642
     647
     652
     624
     561
     574
     603
     609
     622
     632
     619
     640
     605
     616
     634
     617
     611
     601
     624
     632
     612
     631
     631
     630
     601
     641
     606
     627
     676
     579
     632
     620
     586
     597
     652
     638
     626
     627
     581
     631
     620
     673
     640
     631
     618
     645
     648
     647
     642
     613
     651
     649
     628
     597
     635
     638
     606
     636
     616
     607
     650
     629
     612
     636
     645
     679
     582
     637
     612
     614
     626
     605
     645
     624
     627
     614
     640
     617
     604
     584
     611
     598
     596
     639
     583
     611
     623
     565
     609
     586
     600
     642
     568
     624
     584
     599
     641
     588
     574
     562
     646
     630
     598
     622
     647
     606
     626
     586
     644
     655
     595
     623
     579
     632
     632
     581
     610
     641
     616
     572
     617
     626
     629
     580
     607
     592
     619
     577
     612
     569
     655
     585
     618
     616
     607
     619
     581
     589
     589
     578
     574
     621
     609
     595
     655
     563
     602
     619
     622
     618
     573
     561
     593
     563
     591
     610
     568
     585
     593
     574
     629
     577
     576
     534
     556
     552
     564
     550
     556
     540
     578
     560
     564
     522
     529
     573
     517
     557
     525
     521
     509
     550
     497
     565
     513
     525
     524
     484
     531
     524
     563
     551
     534
     495
     479
     500
     483
     493
     491
     517
     486
     481
     460
     479
     475
     502
     435
     494
     533
     514
     523
     480
     504
     468
     457
     510
     474
     468
     484
     520
     507
     454
     513
     435
     477
     464
     461
     456
     509
     475
     480
     472
     495
     466
     469
     480
     466
     475
     449
     471
     419
     456
     450
     452
     437
     465
     487
     457
     434
     443
     422
     462
     457
     443
     476
     489
     469
     435
     413
     492
     432
     452
     468
     449
     457
     440
     405
     434
     469
     460
     448
     463
     426
     438
     488
     443
     443
     493
     457
     399
     411
     392
     477
     400
     440
     447
     412
     450
     421
     447
     415
     471
     458
     423
     459
     488
     449
     487
     477
     517
     490
     482
     432
     419
     450
     451
     388
     410
     414
     433
     431
     445
     446
     409
     420
     436
     429
     426
     436
     447
     387
     428
     427
     388
     385
     439
     416
     424
     409
     426
     438
     430
     411
     382
     411
     417
     401
     400
     392
     398
     414
     396
     404
     397
     405
     420
     420
     385
     393
     381
     425
     390
     384
     394
     417
     405
     400
     416
     393
     353
     385
     392
     385
     399
     406
     403
     385
     388
     400
     393
     378
     441
     376
     419
     388
     381
     414
     392
     395
     412
     382
     354
     426
     374
     386
     424
     433
     369
     421
     364
     390
     355
     356
     407
     403
     422
     385
     368
     378
     385
     353
     383
     412
     384
     367
     382
     337
     377
     368
     387
     385
     395
     365
     362
     393
     383
     392
     376
     367
     394
     375
     395
     357
     356
     375
     410
     412
     389
     352
     391
     374
     352
     388
     392
     390
     362
     379
     375
     363
     376
     367
     309
     369
     378
     379
     396
     404
     341
     361
     345
     350
     366
     387
     383
     379
     380
     373
     359
     376
     361
     393
     341
     346
     334
     370
     363
     383
     360
     361
     348
     383
     387
     360
     318
     352
     399
     333
     382
     350
     364
     373
     393
     355
     368
     353
     350
     357
     350
     366
     364
     371
     347
     353
     358
     392
     375
     323
     339
     341
     358
     370
     374
     347
     353
     363
     407
     334
     337
     344
     357
     347
     321
     355
     356
     377
     360
     338
     340
     359
     339
     361
     348
     351
     396
     342
     286
     338
     323
     367
     348
     331
     330
     346
     365
     329
     347
     359
     370
     349
     359
     368
     323
     359
     309
     366
     343
     347
     332
     320
     329
     352
     345
     301
     341
     341
     342
     368
     362
     374
     346
     346
     326
     326
     328
     332
     338
     326
     329
     340
     296
     340
     361
     346
     326
     352
     336
     318
     330
     342
     340
     361
     354
     349
     335
     342
     322
     343
     326
     356
     340
     356
     343
     294
     333
     320
     329
     310
     350
     326
     368
     312
     339
     339
     348
     343
     355
     323
     314
     346
     313
     357
     329
     337
     320
     355
     300
     343
     321
     331
     299
     330
     297
     316
     356
     343
     327
     315
     339
     337
     303
     320
     359
     347
     315
     334
     309
     332
     335
     306
     328
     343
     337
     319
     289
     345
     316
     356
     345
     340
     320
     350
     322
     322
     320
     330
     325
     347
     351
     324
     331
     344
     336
     330
     366
     324
     341
     339
     347
     352
     325
     325
     312
     307
     333
     344
     325
     317
     335
     334
     315
     342
     364
     307
     325
     351
     361
     308
     332
     293
     315
     372
     317
     298
     343
     318
     330
     297
     329
     315
     332
     313
     323
     310
     299
     339
     332
     375
     346
     345
     325
     314
     328
     353
     312
     322
     326
     350
     348
     317
     306
     304
     315
     348
     335
     308
     301
     322
     324
     346
     348
     346
     328
     321
     294
     353
     308
     312
     318
     292
     326
     334
     341
     346
     322
     317
     311
     321
     342
     339
     309
     342
     341
     341
     337
     349
     328
     339
     328
     303
     353
     330
     302
     323
     311
     328
     331
     327
     342
     322
     319
     326
     306
     321
     327
     319
     304
     317
     335
     333
     341
     318
     324
     298
     359
     308
     316
     306
     302
     330
     314
     330
     333
     295
     288
     312
     345
     326
     321
     323
     344
     303
     300
     348
     310
     336
     340
     288
     302
     322
     331
     331
     327
     290
     320
     283
     348
     321
     325
     308
     320
     330
     315
     333
     320
     299
     326
     305
     348
     327
     318
     323
     310
     317
     336
     323
     312
     311
     322
     301
     313
     311
     295
     342
     312
     311
     311
     325
     317
     320
     354
     332
     284
     306
     329
     295
     322
     304
     326
     334
     287
     309
     320
     308
     332
     286
     332
     308
     330
     334
     291
     341
     314
     293
     322
     316
     281
     341
     314
     337
     330
     322
     334
     333
     334
     283
     334
     311
     343
     317
     306
     291
     324
     319
     300
     304
     319
     335
     321
     325
     298
     308
     334
     341
     320
     318
     332
     328
     295
     313
     276
     339
     302
     309
     337
     332
     335
     312
     312
     307
     329
     283
     318
     307
     330
     329
     322
     322
     357
     311
     323
     302
     329
     358
     314
     313
     368
     324
     320
     324
     334
     339
     326
     290
     305
     314
     285
     328
     341
     348
     293
     354
     329
     334
     301
     336
     315
     342
     335
     310
     360
     308
     307
     312
     327
     334
     302
     320
     318
     318
     320
     309
     356
     340
     346
     338
     356
     329
     356
     309
     315
     339
     326
     326
     297
     300
     295
     330
     379
     346
     316
     313
     350
     367
     327
     385
     336
     326
     324
     316
     380
     377
     357
     382
     447
     480
     515
     514
     594
     604
     705
     816
     969
    1033
    1322
    1563
    2021
    2292
    2773
    3295
    3930
    4666
    5247
    6075
    6471
    6844
    7194
    7288
    7111
    6677
    6100
    5569
    5079
    4342
    3608
    3116
    2522
    2106
    1687
    1423
    1155
     967
     877
     729
     659
     581
     511
     470
     434
     380
     381
     389
     388
     338
     354
     324
     321
     300
     330
     295
     326
     344
     330
     339
     292
     318
     308
     315
     307
     317
     325
     321
     324
     316
     299
     302
     328
     321
     319
     326
     307
     295
     281
     304
     324
     322
     300
     291
     312
     335
     290
     326
     327
     313
     301
     327
     337
     322
     300
     290
     324
     299
     286
     275
     310
     271
     337
     299
     276
     294
     324
     309
     332
     336
     322
     297
     278
     318
     336
     319
     358
     337
     301
     270
     324
     327
     331
     297
     301
     341
     311
     291
     319
     317
     326
     289
     289
     269
     283
     311
     305
     337
     298
     296
     314
     336
     360
     319
     323
     300
     305
     350
     304
     322
     361
     323
     330
     315
     316
     325
     324
     284
     289
     330
     324
     342
     306
     320
     317
     331
     311
     335
     307
     333
     358
     309
     310
     330
     271
     296
     331
     306
     312
     313
     343
     334
     329
     322
     318
     302
     304
     348
     337
     306
     344
     307
     343
     325
     296
     301
     328
     299
     340
     326
     334
     317
     309
     326
     340
     345
     326
     312
     348
     324
     329
     324
     324
     345
     324
     304
     323
     339
     364
     325
     304
     315
     338
     301
     325
     360
     317
     342
     346
     322
     348
     333
     326
     338
     338
     320
     319
     312
     325
     323
     337
     326
     339
     350
     319
     370
     319
     349
     303
     312
     322
     351
     352
     340
     319
     338
     335
     329
     335
     346
     324
     334
     344
     357
     342
     355
     338
     358
     348
     332
     332
     346
     337
     343
     323
     323
     316
     328
     331
     349
     326
     341
     358
     380
     351
     321
     342
     320
     330
     335
     358
     333
     378
     368
     358
     358
     332
     351
     342
     343
     311
     357
     336
     356
     327
     339
     346
     362
     371
     349
     363
     349
     360
     350
     364
     320
     344
     304
     317
     337
     371
     337
     363
     359
     356
     330
     356
     353
     341
     343
     336
     343
     347
     362
     342
     322
     356
     364
     367
     352
     336
     364
     398
     362
     352
     352
     360
     369
     390
     359
     401
     359
     374
     340
     350
     400
     347
     337
     362
     332
     391
     379
     362
     366
     392
     394
     340
     343
     352
     350
     331
     376
     347
     350
     360
     356
     360
     361
     348
     367
     369
     366
     377
     369
     431
     385
     377
     365
     386
     391
     425
     357
     344
     380
     367
     331
     384
     361
     382
     384
     373
     402
     390
     364
     378
     371
     377
     375
     356
     394
     347
     393
     356
     386
     327
     389
     358
     379
     378
     382
     408
     397
     371
     386
     373
     375
     412
     399
     388
     378
     377
     341
     382
     403
     383
     386
     378
     380
     343
     385
     420
     392
     421
     361
     380
     389
     371
     376
     376
     383
     378
     397
     422
     399
     378
     404
     373
     403
     402
     394
     427
     388
     387
     405
     402
     405
     414
     387
     384
     387
     379
     413
     410
     419
     410
     412
     428
     390
     402
     406
     415
     394
     412
     388
     390
     397
     396
     389
     419
     433
     385
     384
     424
     438
     446
     412
     409
     363
     406
     387
     376
     398
     448
     430
     401
     413
     396
     414
     381
     419
     398
     374
     419
     393
     432
     442
     403
     455
     432
     431
     474
     406
     432
     421
     422
     395
     413
     384
     432
     440
     418
     411
     450
     426
     415
     422
     452
     421
     377
     450
     393
     423
     420
     426
     456
     417
     447
     397
     434
     392
     451
     423
     444
     497
     463
     424
     408
     395
     439
     481
     420
     397
     451
     439
     455
     462
     438
     444
     447
     471
     482
     422
     424
     436
     422
     444
     446
     436
     437
     448
     463
     432
     422
     432
     448
     435
     425
     429
     464
     467
     452
     430
     460
     433
     434
     419
     440
     414
     451
     451
     430
     434
     466
     442
     424
     438
     456
     496
     445
     451
     435
     456
     424
     463
     480
     448
     471
     423
     451
     424
     417
     427
     462
     460
     415
     456
     463
     456
     468
     456
     468
     449
     435
     489
     468
     471
     464
     452
     476
     496
     426
     467
     466
     471
     469
     439
     499
     462
     467
     458
     424
     472
     425
     460
     460
     480
     466
     507
     466
     502
     462
     453
     446
     448
     452
     464
     454
     483
     462
     452
     433
     465
     472
     463
     462
     443
     434
     427
     477
     462
     466
     457
     434
     472
     474
     484
     433
     461
     464
     481
     447
     499
     428
     479
     485
     437
     443
     425
     478
     471
     422
     448
     417
     416
     434
     447
     415
     416
     449
     407
     462
     442
     419
     403
     380
     425
     449
     389
     386
     353
     407
     378
     418
     349
     377
     365
     365
     352
     354
     329
     327
     312
     350
     328
     337
     349
     307
     318
     342
     332
     313
     335
     307
     293
     294
     280
     323
     297
     317
     315
     316
     278
     285
     305
     286
     306
     322
     263
     271
     298
     272
     275
     294
     264
     289
     262
     267
     249
     271
     251
     295
     267
     270
     244
     254
     253
     259
     254
     264
     270
     293
     247
     233
     261
     246
     256
     250
     260
     237
     253
     254
     238
     245
     239
     222
     259
     244
     241
     232
     265
     258
     226
     239
     251
     273
     268
     214
     273
     248
     257
     246
     251
     261
     196
     232
     244
     211
     248
     244
     220
     258
     227
     241
     214
     215
     238
     242
     248
     226
     270
     244
     215
     227
     234
     255
     222
     235
     221
     219
     256
     233
     222
     225
     268
     263
     244
     238
     235
     235
     228
     223
     241
     230
     223
     237
     238
     242
     217
     216
     200
     215
     254
     254
     223
     219
     218
     201
     198
     190
     209
     226
     201
     229
     211
     205
     233
     227
     206
     221
     206
     210
     197
     199
     234
     236
     211
     224
     208
     188
     204
     208
     208
     207
     204
     214
     224
     206
     193
     219
     202
     207
     188
     220
     194
     194
     211
     201
     203
     212
     183
     197
     206
     185
     195
     204
     206
     199
     201
     200
     194
     195
     197
     189
     184
     180
     204
     212
     169
     191
     206
     215
     179
     191
     188
     201
     184
     210
     174
     213
     181
     218
     199
     185
     166
     196
     191
     208
     184
     189
     189
     196
     178
     204
     159
     170
     181
     193
     166
     167
     197
     172
     182
     186
     178
     179
     185
     194
     159
     175
     189
     180
     173
     196
     156
     172
     189
     189
     186
     200
     150
     189
     191
     186
     186
     187
     168
     179
     163
     194
     172
     189
     187
     150
     175
     151
     184
     170
     186
     173
     177
     159
     169
     172
     157
     161
     160
     163
     158
     175
     169
     157
     177
     173
     155
     172
     154
     155
     158
     161
     166
     176
     156
     151
     145
     156
     170
     154
     143
     162
     138
     172
     157
     165
     164
     173
     158
     136
     140
     156
     153
     145
     132
     149
     145
     142
     161
     145
     142
     142
     133
     144
     155
     132
     155
     160
     130
     148
     157
     135
     150
     155
     161
     134
     141
     138
     149
     142
     116
     135
     147
     128
     134
     128
     142
     157
     166
     132
     150
     139
     132
     154
     145
     135
     131
     140
     120
     138
     111
     120
     124
     116
     131
     136
     130
     122
     121
     117
     116
     125
     124
     126
     129
     137
     133
     143
     129
     134
      97
     137
     126
     120
     117
     136
     125
     134
     123
     119
     128
     113
     109
     109
     126
     119
     127
     113
     111
     139
     109
     122
     107
     114
     111
     122
     106
     108
     116
     115
     113
     101
     106
     112
     125
     110
     110
      92
      94
     114
      97
      99
     123
      94
      89
      97
     110
     107
      99
     106
      84
     101
      86
      89
      97
     131
     101
     100
     100
      86
      95
      96
      96
      89
     102
     114
      89
      90
     101
     108
     102
     100
      92
      92
      92
     101
      89
      96
     101
      81
      98
      78
     100
      92
      86
     104
      96
     126
      94
     102
      91
     111
      84
      82
      85
     107
      75
     106
      97
      87
      67
      92
      87
      76
      95
     106
     122
      72
      85
      98
      85
      95
      80
      87
      93
      86
      76
      83
      91
      99
      93
      91
      88
      87
      82
      96
      84
      82
      96
      98
      63
      82
      95
      94
      81
      85
      84
      68
      79
      76
      92
      89
      67
      79
      97
      76
      92
      86
      81
      76
      89
      87
      87
      85
      91
      90
      79
      77
      91
      85
      82
      69
      94
      92
      78
      80
      81
      88
      76
      82
      83
      67
      66
      75
      74
      76
      67
      79
      66
      82
      90
      63
      78
      72
      89
      73
      67
      79
      72
      77
      88
      57
      90
      79
      76
      69
      83
      73
      88
      73
      87
      75
      72
      85
      83
      76
      85
      80
      75
      78
      80
      67
      83
      64
      75
      68
      55
      73
      76
      76
      75
      75
      81
      57
      73
      84
      70
      73
      65
      79
      59
      68
      92
      74
      76
      94
      79
      71
      76
      61
      80
      88
      69
      79
      71
      65
      66
      63
      66
      70
      79
      68
      73
      76
      68
      72
      67
      66
      62
      62
      74
      71
      88
      74
      77
      89
      68
      73
      58
      78
      67
      68
      59
      83
      73
      72
      72
      70
      70
      60
      68
      64
      80
      65
      59
      74
      55
      68
      91
      64
      78
      64
      75
      73
      91
      74
      71
      68
      62
      68
      72
      87
      68
      97
     128
     123
     142
     174
     177
     228
     212
     222
     199
     179
     120
     115
     102
      71
      86
      63
      76
      85
      79
      73
      80
      87
      65
      59
      63
      71
      80
      67
      55
      70
      60
      77
      72
      93
      65
      76
      76
      72
      80
      76
      73
      76
      57
      66
      71
      78
      70
      68
      77
      78
      70
      99
      68
      91
      66
      82
      84
      70
      81
      74
      68
      81
      71
      69
      71
      64
      78
      73
      80
      75
      77
      77
      93
      74
      71
      83
      77
      66
      83
      67
      73
      66
      73
      75
      75
      79
      76
      76
      62
      68
      70
      69
      54
      65
      77
      66
      94
      68
      70
      82
      84
      67
      86
      62
      80
      68
      86
      92
      71
      68
      93
      76
      80
     110
      71
      77
      87
      83
      72
      95
      74
      70
      78
      79
      77
      64
      67
      76
      76
      81
      69
      75
      65
      57
      69
      89
      68
      70
      73
      85
      70
      69
      63
      78
      74
      70
      85
      78
      68
      64
      52
      74
      69
      71
      73
      64
      61
      63
      62
      72
      61
      79
      61
      71
      77
      77
      80
      64
      78
      81
      81
      73
      66
      95
      78
      87
      85
      70
      62
      74
      83
      65
      68
      62
      65
      78
      83
      68
      80
      70
      60
      68
      72
      78
      81
      67
      73
      78
      84
      81
      82
      65
      66
      66
      70
      80
      83
      70
      75
      99
      74
      80
      77
      77
      74
      63
      66
      59
      73
      70
      86
      79
      70
      93
      67
      71
      77
      74
      88
      86
      90
      83
     109
      74
     101
      90
      90
      78
      76
      84
      71
      83
      86
      80
      75
      79
      76
      83
     106
      70
      97
      82
      95
      80
      87
      72
      73
      70
      80
      92
      85
      91
      83
      92
      88
      89
      85
     115
      99
     110
      78
     101
      99
     105
      87
     111
     124
     108
     100
     102
     122
     107
     126
     140
     159
     162
     216
     351
     590
    1040
    1923
    3443
    5869
    9295
   13360
   17141
   20722
   22646
   22529
   20521
   16906
   12848
    9076
    5841
    3444
    1916
     963
     549
     311
     139
     104
      61
      56
      54
      49
      51
      37
      51
      34
      48
      39
      48
      46
      42
      41
      44
      44
      48
      47
      54
      48
      54
      45
      42
      33
      36
      54
      45
      47
      38
      45
      53
      49
      33
      41
      45
      35
      36
      46
      43
      49
      30
      37
      50
      46
      46
      44
      35
      43
      50
      37
      42
      41
      44
      45
      43
      49
      34
      31
      42
      41
      40
      48
      44
      51
      54
      44
      42
      48
      42
      45
      35
      30
      40
      34
      47
      32
      47
      45
      34
      39
      46
      41
      43
      37
      47
      36
      32
      43
      41
      37
      36
      42
      42
      42
      42
      43
      35
      43
      39
      51
      41
      38
      46
      50
      40
      44
      45
      34
      45
      48
      44
      46
      39
      52
      31
      41
      45
      40
      34
      36
      42
      44
      45
      35
      39
      42
      36
      31
      36
      44
      36
      45
      35
      33
      36
      37
      41
      42
      50
      35
      37
      24
      38
      42
      39
      40
      42
      44
      36
      36
      42
      42
      37
      37
      35
      40
      42
      42
      41
      43
      49
      38
      49
      40
      31
      36
      27
      43
      42
      38
      45
      36
      42
      44
      45
      52
      51
      40
      33
      48
      53
      30
      33
      36
      39
      28
      37
      42
      43
      35
      38
      39
      28
      34
      35
      44
      43
      31
      47
      39
      35
      35
      37
      48
      34
      42
      46
      32
      41
      40
      33
      40
      38
      45
      39
      41
      33
      54
      50
      44
      46
      49
      32
      38
      36
      37
      40
      37
      27
      36
      34
      29
      32
      43
      32
      34
      28
      50
      29
      42
      41
      45
      49
      42
      37
      42
      33
      31
      45
      30
      49
      26
      34
      41
      36
      28
      40
      37
      47
      48
      42
      46
      44
      40
      36
      50
      38
      43
      39
      26
      43
      35
      49
      34
      42
      35
      42
      29
      41
      32
      40
      41
      37
      38
      38
      35
      33
      38
      34
      42
      40
      37
      31
      41
      28
      47
      52
      38
      42
      48
      39
      32
      33
      44
      43
      32
      39
      39
      51
      49
      40
      45
      40
      34
      45
      43
      38
      39
      31
      34
      48
      27
      48
      32
      31
      39
      34
      33
      30
      43
      26
      45
      34
      34
      46
      26
      38
      37
      32
      49
      31
      40
      33
      32
      39
      38
      38
      40
      37
      32
      29
      39
      24
      34
      33
      39
      36
      45
      51
      32
      51
      42
      44
      32
      40
      42
      30
      39
      30
      40
      37
      34
      32
      39
      33
      35
      33
      37
      19
      37
      34
      27
      34
      41
      31
      46
      39
      39
      41
      43
      28
      32
      32
      36
      32
      39
      34
      44
      41
      48
      39
      26
      31
      33
      43
      38
      30
      45
      36
      27
      40
      37
      35
      30
      33
      48
      31
      35
      30
      34
      35
      33
      39
      43
      37
      40
      37
      35
      36
      31
      32
      34
      43
      31
      34
      48
      29
      28
      44
      27
      31
      26
      28
      36
      41
      35
      44
      34
      44
      38
      32
      41
      53
      33
      35
      28
      31
      44
      35
      44
      45
      41
      32
      30
      43
      39
      44
      33
      32
      33
      35
      35
      33
      34
      35
      44
      48
      35
      34
      39
      32
      39
      26
      35
      33
      35
      36
      33
      36
      45
      32
      35
      34
      35
      39
      28
      34
      31
      36
      29
      32
      37
      30
      35
      33
      36
      31
      29
      42
      39
      37
      37
      33
      30
      39
      31
      29
      41
      36
      38
      36
      37
      26
      32
      37
      36
      39
      33
      35
      48
      40
      37
      39
      34
      32
      35
      37
      36
      36
      38
      46
      31
      46
      32
      34
      42
      28
      30
      35
      45
      34
      42
      28
      41
      44
      36
      31
      31
      41
      31
      33
      23
      36
      52
      47
      35
      33
      41
      33
      33
      33
      47
      37
      36
      35
      40
      35
      29
      45
      31
      42
      35
      35
      34
      36
      30
      37
      38
      38
      36
      29
      40
      31
      41
      45
      29
      33
      41
      47
      46
      36
      45
      46
      34
      37
      37
      36
      33
      32
      44
      45
      34
      34
      33
      38
      40
      34
      34
      40
      36
      25
      40
      45
      35
      39
      30
      38
      38
      37
      21
      36
      39
      36
      34
      40
      32
      37
      27
      34
      33
      40
      36
      23
      40
      46
      42
      29
      39
      34
      30
      36
      39
      36
      33
      33
      35
      36
      43
      39
      44
      26
      34
      45
      36
      24
      29
      32
      33
      34
      47
      35
      40
      23
      34
      30
      35
      37
      22
      31
      34
      38
      44
      41
      30
      39
      38
      41
      46
      44
      38
      31
      34
      35
      38
      25
      49
      36
      27
      33
      35
      32
      41
      35
      31
      40
      33
      36
      43
      41
      32
      44
      38
      32
      33
      33
      42
      40
      37
      33
      32
      34
      28
      28
      34
      40
      35
      38
      50
      35
      39
      33
      31
      28
      43
      33
      25
      27
      32
      28
      35
      36
      32
      28
      30
      31
      40
      40
      28
      43
      35
      46
      36
      34
      35
      35
      41
      39
      49
      35
      36
      33
      28
      43
      41
      34
      28
      38
      46
      35
      27
      38
      32
      30
      43
      31
      31
      37
      32
      32
      46
      46
      33
      37
      42
      35
      36
      36
      35
      39
      35
      45
      44
      46
      32
      40
      33
      42
      32
      35
      35
      38
      35
      47
      43
      39
      41
      40
      36
      35
      37
      37
      39
      26
      35
      33
      35
      50
      29
      34
      36
      38
      33
      38
      39
      38
      33
      38
      35
      40
      37
      30
      40
      47
      42
      35
      42
      33
      30
      38
      34
      46
      37
      20
      31
      51
      39
      39
      39
      42
      52
      39
      44
      30
      37
      33
      30
      33
      41
      30
      38
      43
      43
      35
      41
      33
      36
      36
      46
      42
      37
      27
      38
      46
      37
      50
      35
      39
      36
      30
      42
      41
      34
      28
      36
      48
      27
      27
      40
      30
      30
      40
      34
      41
      46
      42
      42
      33
      41
      46
      39
      31
      49
      43
      31
      35
      46
      46
      44
      42
      41
      38
      42
      30
      27
      33
      39
      27
      45
      38
      42
      36
      31
      32
      31
      31
      43
      33
      35
      31
      32
      50
      26
      35
      48
      48
      46
      33
      39
      32
      50
      49
      40
      54
      65
      76
      99
     164
     200
     262
     324
     416
     474
     489
     524
     469
     439
     334
     265
     186
     143
      92
      65
      47
      45
      40
      44
      33
      42
      46
      39
      30
      36
      23
      26
      39
      36
      30
      39
      35
      37
      31
      35
      44
      34
      21
      37
      32
      40
      36
      40
      28
      41
      27
      33
      35
      45
      31
      37
      32
      39
      34
      41
      47
      46
      35
      34
      40
      38
      38
      35
      34
      41
      41
      48
      30
      38
      29
      34
      28
      33
      32
      33
      39
      32
      42
      44
      37
      28
      43
      37
      34
      35
      39
      37
      36
      34
      25
      39
      42
      33
      32
      27
      37
      27
      38
      34
      35
      40
      31
      29
      40
      43
      39
      46
      29
      38
      35
      40
      30
      22
      36
      35
      38
      38
      47
      48
      45
      23
      32
      25
      37
      46
      34
      39
      28
      30
      45
      30
      35
      40
      35
      41
      42
      20
      32
      39
      46
      35
      34
      33
      28
      36
      30
      36
      32
      44
      29
      32
      27
      38
      38
      31
      31
      45
      38
      24
      45
      49
      39
      45
      50
      44
      27
      37
      28
      33
      28
      34
      32
      30
      47
      35
      48
      40
      38
      38
      38
      47
      40
      41
      39
      44
      42
      36
      35
      36
      40
      27
      38
      34
      28
      39
      34
      28
      34
      40
      30
      34
      41
      40
      39
      42
      43
      37
      29
      37
      39
      31
      43
      39
      44
      44
      34
      34
      32
      27
      28
      37
      37
      47
      44
      36
      39
      43
      32
      25
      40
      29
      44
      46
      31
      23
      42
      41
      28
      36
      31
      37
      49
      27
      38
      36
      41
      30
      29
      40
      45
      40
      35
      36
      27
      48
      38
      32
      47
      55
      57
      78
      83
     108
     123
     149
     152
     146
     164
     138
     133
     110
      76
      69
      69
      49
      33
      39
      32
      37
      46
      26
      32
      37
      38
      28
      36
      37
      47
      38
      43
      43
      36
      39
      46
      51
      37
      34
      33
      38
      45
      28
      43
      41
      49
      45
      33
      50
      55
      34
      35
      44
      32
      27
      34
      34
      30
      36
      45
      33
      43
      38
      32
      43
      37
      36
      47
      31
      36
      38
      33
      46
      39
      39
      39
      25
      44
      34
      47
      44
      26
      36
      34
      47
      38
      37
      43
      42
      35
      51
      35
      29
      44
      46
      53
      41
      34
      36
      44
      39
      34
      48
      46
      41
      42
      30
      31
      34
      40
      26
      28
      37
      40
      37
      29
      43
      44
      36
      34
      39
      46
      32
      50
      47
      49
      55
      77
      88
      88
      78
     102
      85
      87
      67
      61
      62
      45
      48
      42
      38
      35
      34
      45
      43
      33
      30
      36
      39
      36
      51
      37
      53
      48
      49
      44
      30
      48
      41
      41
      33
      39
      45
      37
      36
      36
      44
      27
      31
      37
      45
      40
      32
      48
      28
      28
      43
      40
      35
      38
      43
      41
      47
      37
      31
      38
      35
      43
      31
      48
      41
      43
      30
      41
      47
      29
      29
      43
      49
      42
      44
      42
      31
      37
      35
      26
      32
      25
      38
      42
      45
      30
      40
      52
      44
      39
      41
      28
      29
      33
      42
      25
      27
      32
      35
      40
      23
      40
      39
      44
      29
      35
      43
      37
      42
      38
      34
      33
      40
      39
      38
      32
      41
      39
      36
      25
      33
      42
      42
      33
      43
      41
      35
      32
      28
      39
      48
      30
      45
      38
      45
      42
      24
      36
      32
      29
      37
      37
      37
      39
      37
      48
      39
      42
      33
      35
      41
      40
      36
      34
      34
      40
      33
      31
      40
      31
      44
      32
      37
      38
      35
      47
      35
      40
      37
      35
      39
      40
      31
      42
      29
      28
      49
      37
      33
      37
      35
      45
      29
      43
      41
      33
      39
      29
      38
      35
      30
      25
      38
      30
      37
      34
      33
      52
      43
      31
      35
      34
      29
      33
      30
      37
      31
      41
      30
      39
      36
      40
      32
      34
      37
      46
      39
      37
      32
      28
      31
      48
      25
      40
      44
      36
      29
      35
      39
      31
      37
      31
      32
      41
      33
      29
      26
      34
      40
      41
      28
      46
      37
      39
      43
      40
      33
      34
      40
      37
      35
      35
      32
      40
      43
      35
      40
      40
      48
      32
      27
      30
      34
      28
      26
      37
      28
      26
      38
      34
      34
      40
      30
      24
      31
      35
      39
      34
      34
      39
      31
      32
      45
      40
      36
      27
      35
      38
      35
      36
      53
      40
      33
      43
      40
      42
      40
      46
      40
      47
      49
      39
      44
      34
      31
      31
      49
      34
      42
      40
      32
      38
      54
      44
      40
      49
      25
      34
      29
      30
      28
      34
      39
      34
      37
      39
      30
      36
      32
      40
      44
      52
      30
      34
      25
      29
      43
      35
      45
      37
      32
      36
      36
      42
      41
      34
      32
      33
      39
      42
      38
      43
      29
      43
      24
      47
      26
      36
      36
      41
      50
      36
      49
      47
      38
      47
      33
      33
      43
      39
      42
      43
      39
      31
      38
      29
      29
      36
      32
      42
      51
      36
      25
      45
      42
      36
      42
      29
      38
      40
      32
      35
      36
      38
      39
      32
      38
      31
      47
      29
      26
      42
      31
      34
      45
      47
      36
      26
      46
      24
      35
      32
      33
      50
      49
      50
      31
      33
      38
      31
      36
      45
      32
      27
      32
      41
      34
      35
      36
      38
      28
      30
      43
      43
      37
      38
      48
      39
      33
      42
      38
      31
      55
      45
      30
      39
      46
      32
      32
      46
      56
      43
      55
      45
      30
      29
      39
      35
      47
      32
      45
      37
      46
      30
      36
      41
      45
      34
      33
      46
      34
      26
      48
      42
      33
      36
      36
      43
      36
      40
      40
      30
      36
      47
      46
      34
      40
      37
      36
      41
      34
      36
      42
      30
      32
      42
      43
      35
      39
      33
      39
      35
      31
      36
      52
      31
      43
      39
      35
      36
      45
      30
      27
      45
      38
      49
      48
      21
      45
      28
      34
      32
      29
      32
      36
      37
      36
      41
      34
      44
      40
      39
      46
      51
      33
      32
      31
      39
      38
      31
      40
      41
      42
      44
      37
      38
      44
      38
      36
      36
      23
      30
      44
      37
      35
      33
      34
      33
      20
      32
      47
      47
      36
      32
      33
      27
      32
      34
      32
      51
      29
      37
      39
      34
      42
      41
      37
      42
      35
      32
      26
      37
      47
      47
      28
      41
      41
      40
      37
      26
      31
      36
      29
      40
      47
      31
      32
      43
      33
      36
      58
      40
      33
      30
      32
      37
      44
      30
      31
      36
      38
      36
      41
      51
      43
      43
      41
      51
      43
      47
      56
      67
      42
      53
      42
      50
      30
      55
      36
      38
      38
      31
      43
      44
      39
      39
      31
      31
      30
      27
      37
      35
      32
      38
      40
      21
      45
      32
      36
      39
      36
      39
      38
      33
      40
      38
      26
      43
      44
      34
      30
      30
      27
      53
      43
      25
      35
      31
      40
      39
      39
      34
      46
      38
      34
      30
      39
      38
      33
      40
      43
      42
      55
      43
      44
      42
      40
      45
      40
      42
      30
      35
      37
      28
      39
      32
      32
      25
      42
      37
      43
      38
      49
      43
      35
      41
      44
      29
      33
      34
      39
      41
      31
      32
      41
      36
      35
      51
      45
      32
      38
      29
      40
      39
      41
      45
      35
      39
      37
      37
      36
      38
      35
      50
      29
      40
      42
      49
      32
      42
      41
      42
      28
      35
      41
      42
      42
      40
      32
      30
      41
      31
      37
      33
      29
      31
      48
      39
      30
      41
      33
      36
      32
      46
      42
      44
      36
      28
      27
      24
      51
      45
      35
      41
      36
      37
      38
      26
      39
      34
      42
      38
      32
      44
      47
      38
      39
      41
      43
      40
      33
      40
      36
      41
      38
      41
      43
      32
      47
      39
      42
      44
      27
      44
      48
      35
      31
      38
      44
      24
      29
      54
      30
      41
      28
      44
      45
      31
      41
      40
      39
      40
      43
      41
      42
      60
      45
      38
      40
      31
      37
      38
      37
      32
      35
      34
      27
      40
      30
      47
      35
      45
      24
      42
      35
      39
      32
      42
      42
      26
      51
      37
      31
      47
      45
      38
      29
      42
      38
      34
      57
      37
      37
      40
      36
      49
      30
      45
      30
      38
      43
      45
      40
      30
      34
      38
      40
      35
      49
      32
      40
      36
      32
      35
      45
      35
      30
      48
      39
      49
      46
      58
      54
      62
      54
      61
      92
      78
      88
     119
      85
      71
      78
      73
      61
      50
      42
      38
      36
      48
      39
      39
      41
      55
      51
      49
      54
      45
      48
      50
      57
      48
      61
      68
      81
      82
      91
      95
      98
     103
      94
      79
     101
      86
      77
      67
      79
      61
      49
      67
      41
      48
      44
      41
      57
      41
      32
      42
      32
      39
      27
      33
      43
      42
      47
      40
      37
      41
      45
      35
      39
      43
      47
      42
      29
      41
      31
      48
      37
      35
      36
      45
      44
      36
      31
      51
      51
      33
      38
      47
      34
      34
      45
      41
      31
      49
      37
      40
      31
      42
      38
      45
      40
      48
      43
      43
      47
      33
      46
      33
      38
      40
      38
      43
      36
      40
      53
      34
      36
      38
      39
      27
      40
      38
      41
      35
      44
      39
      42
      41
      42
      43
      49
      43
      29
      42
      40
      35
      37
      27
      27
      32
      28
      39
      52
      41
      39
      38
      32
      47
      42
      39
      40
      50
      33
      35
      45
      47
      43
      34
      35
      46
      41
      36
      39
      43
      36
      41
      34
      49
      41
      39
      34
      37
      29
      38
      39
      27
      35
      35
      42
      36
      35
      37
      43
      40
      38
      50
      40
      35
      32
      41
      35
      46
      45
      34
      36
      44
      56
      32
      46
      47
      37
      50
      45
      48
      43
      44
      53
      49
      44
      38
      40
      38
      46
      41
      46
      36
      47
      46
      42
      48
      44
      39
      33
      41
      37
      39
      30
      45
      38
      42
      40
      46
      42
      45
      41
      42
      44
      35
      43
      42
      40
      40
      41
      41
      43
      47
      45
      36
      41
      29
      35
      36
      40
      51
      55
      53
      34
      44
      37
      43
      41
      49
      55
      56
      75
      71
     100
      91
      99
      98
     107
      91
      86
      73
      61
      66
      53
      63
      42
      39
      42
      37
      50
      41
      48
      32
      41
      50
      43
      45
      33
      39
      32
      46
      45
      32
      41
      43
      48
      39
      39
      40
      36
      47
      36
      37
      54
      43
      42
      41
      48
      39
      39
      43
      53
      45
      31
      41
      44
      54
      47
      36
      42
      39
      41
      43
      51
      34
      48
      46
      56
      48
      34
      39
      30
      49
      44
      44
      28
      41
      34
      43
      41
      47
      35
      37
      35
      37
      46
      36
      52
      36
      36
      39
      36
      39
      41
      32
      42
      44
      39
      56
      45
      36
      39
      38
      39
      48
      40
      52
      49
      49
      47
      48
      39
      50
      32
      43
      42
      44
      32
      41
      56
      54
      51
      42
      50
      50
      44
      51
      43
      38
      44
      41
      46
      34
      36
      45
      30
      41
      42
      36
      45
      39
      41
      35
      44
      50
      37
      42
      49
      46
      40
      40
      45
      47
      44
      45
      37
      43
      49
      44
      39
      40
      45
      41
      51
      43
      45
      52
      52
      46
      46
      46
      47
      37
      52
      46
      30
      29
      40
      46
      56
      37
      33
      48
      53
      37
      36
      46
      50
      46
      38
      39
      38
      37
      38
      44
      41
      48
      54
      51
      45
      47
      37
      46
      38
      41
      40
      48
      51
      40
      59
      47
      40
      38
      42
      48
      48
      39
      47
      37
      50
      45
      52
      54
      62
      35
      35
      33
      40
      38
      40
      44
      37
      52
      43
      38
      45
      41
      41
      46
      42
      47
      36
      30
      52
      52
      45
      36
      42
      51
      53
      45
      42
      53
      30
      51
      41
      46
      50
      40
      39
      44
      37
      54
      49
      54
      39
      46
      33
      47
      43
      55
      49
      49
      55
      43
      34
      50
      44
      46
      58
      45
      45
      44
      35
      40
      41
      58
      40
      56
      37
      43
      54
      55
      34
      42
      42
      36
      53
      36
      47
      49
      48
      48
      58
      44
      54
      33
      49
      49
      45
      38
      41
      42
      51
      44
      54
      47
      57
      49
      51
      40
      38
      63
      38
      52
      35
      58
      47
      47
      43
      42
      48
      41
      51
      43
      42
      47
      50
      58
      30
      47
      46
      42
      51
      37
      45
      46
      50
      32
      37
      44
      45
      49
      45
      44
      49
      34
      56
      47
      54
      48
      55
      51
      35
      44
      51
      52
      51
      48
      39
      49
      48
      49
      49
      44
      40
      47
      48
      50
      47
      39
      49
      42
      61
      42
      44
      39
      40
      61
      58
      55
      30
      43
      42
      51
      50
      47
      48
      38
      44
      41
      40
      44
      42
      50
      39
      60
      44
      43
      53
      49
      35
      55
      42
      47
      31
      49
      38
      46
      46
      41
      37
      49
      68
      60
      51
      47
      56
      44
      38
      54
      40
      42
      55
      38
      52
      52
      51
      50
      50
      43
      41
      60
      44
      52
      51
      51
      51
      42
      49
      43
      53
      44
      49
      42
      36
      67
      46
      50
      56
      57
      55
      58
      41
      48
      48
      54
      35
      48
      49
      43
      36
      51
      45
      45
      41
      40
      54
      53
      50
      48
      49
      41
      52
      49
      41
      41
      43
      44
      53
      35
      52
      45
      46
      42
      49
      45
      52
      38
      47
      60
      46
      47
      40
      51
      50
      53
      52
      41
      52
      53
      45
      39
      51
      43
      50
      61
      56
      51
      42
      59
      50
      64
      50
      46
      55
      60
      35
      53
      40
      44
      56
      49
      56
      48
      55
      50
      48
      54
      46
      53
      40
      45
      45
      49
      50
      41
      53
      47
      55
      45
      51
      44
      56
      69
      54
      48
      53
      60
      41
      60
      50
      56
      50
      59
      56
      53
      54
      41
      64
      47
      46
      50
      61
      52
      44
      60
      51
      61
      61
      88
      78
      70
      85
      79
      66
      63
      61
      61
      50
      54
      46
      51
      67
      61
      57
      54
      57
      53
      37
      38
      53
      33
      52
      45
      49
      50
      49
      51
      58
      58
      47
      55
      47
      44
      59
      54
      40
      44
      53
      56
      55
      52
      67
      48
      53
      66
      54
      44
      46
      51
      50
      45
      52
      53
      51
      45
      46
      58
      46
      50
      47
      56
      49
      55
      47
      47
      53
      61
      46
      59
      57
      58
      47
      73
      54
      58
      45
      39
      50
      54
      55
      51
      43
      43
      56
      54
      53
      54
      49
      51
      51
      56
      46
      62
      50
      58
      58
      54
      70
      56
      66
      81
      61
      75
      90
      84
     113
     114
     108
      98
      91
      78
      80
      68
      77
      71
      56
      52
      52
      53
      63
      62
      56
      53
      51
      50
      59
      48
      62
      45
      50
      49
      42
      48
      59
      44
      65
      48
      52
      55
      66
      57
      51
      46
      58
      52
      44
      53
      52
      40
      54
      57
      72
      56
      39
      54
      54
      75
      47
      55
      41
      50
      52
      62
      72
      59
      67
      45
      43
      48
      43
      59
      61
      52
      62
      53
      59
      46
      65
      45
      56
      60
      49
      75
      42
      37
      48
      48
      71
      41
      54
      57
      47
      58
      56
      63
      60
      68
      68
      63
      59
      88
      70
      83
      74
      71
      79
      58
      60
      66
      53
      54
      62
      47
      51
      53
      46
      60
      54
      46
      65
      48
      55
      59
      70
      68
      63
      49
      60
      60
      67
      53
      63
      66
      41
      50
      62
      61
      48
      54
      62
      49
      59
      59
      57
      53
      56
      52
      57
      69
      63
      59
      67
      62
      61
      53
      59
      42
      60
      65
      78
      55
      55
      67
      57
      52
      66
      61
      65
      59
      65
      69
      55
      65
      63
      58
      52
      72
      73
      48
      59
      49
      59
      62
      57
      62
      51
      55
      67
      55
      52
      59
      59
      55
      49
      68
      64
      62
      78
      62
      55
      55
      50
      54
      58
      56
      58
      54
      49
      76
      56
      64
      63
      67
      66
      49
      57
      65
      57
      58
      52
      59
      61
      64
      60
      70
      69
      59
      62
      69
      58
      58
      51
      68
      71
      74
      55
      64
      56
      51
      59
      51
      64
      71
      63
      61
      73
      55
      75
      66
      56
      68
      66
      62
      66
      76
      67
      63
      69
      56
      60
      70
      64
      62
      54
      72
      67
      67
      69
      68
      66
      73
      65
      73
      65
      58
      69
      68
      74
      60
      84
      66
      61
      67
      66
      72
      70
      59
      75
      66
      62
      51
      59
      73
      54
      63
      58
      55
      66
      74
      60
      62
      76
      71
      72
      68
      46
      76
      75
      59
      71
      56
      63
      64
      64
      81
      69
      75
      90
      68
      55
      42
      72
      57
      63
      50
      72
      70
      63
      67
      56
      67
      63
      74
      71
      53
      68
      71
      52
      64
      74
      62
      74
      66
      70
      60
      51
      77
      59
      66
      66
      84
      69
      63
      69
      65
      73
      52
      70
      59
      71
      69
      69
      64
      56
      65
      70
      50
      61
      66
      44
      72
      64
      50
      75
      66
      71
      56
      47
      63
      60
      83
      67
      79
      77
      78
      68
      67
      71
      69
      82
      76
      68
      92
      61
      69
      53
      63
      69
      65
      62
      55
      58
      57
      65
      78
      64
      58
      53
      72
      58
      46
      59
      59
      64
      59
      65
      68
      84
      68
      64
      62
      72
      66
      69
      60
      70
      66
      70
      72
      74
      80
      75
      87
      59
      66
      82
      79
      64
      63
      65
      68
      68
      66
      71
      63
      69
      78
      72
      72
      59
      71
      74
      64
      69
      69
      71
      75
      74
      78
      70
      74
      76
      61
      78
      70
      77
      79
      69
      65
      80
      79
      89
      77
      79
      81
      63
      77
      67
      60
      72
      76
      67
      72
      68
      71
      67
      59
      81
      61
      86
      68
      74
      84
      72
      75
      59
      78
      82
      81
      62
      67
      78
      57
      68
      72
      60
      73
      68
      61
      61
      77
      73
      64
      60
      56
      68
      68
      65
      63
      50
      70
      49
      72
      65
      48
      63
      68
      57
      57
      50
      65
      58
      58
      53
      60
      53
      66
      47
      53
      61
      55
      46
      52
      43
      52
      53
      65
      33
      48
      51
      50
      60
      55
      55
      44
      72
      56
      57
      49
      46
      54
      46
      54
      56
      45
      68
      46
      46
      65
      45
      58
      47
      56
      48
      55
      54
      47
      50
      45
      43
      47
      29
      50
      56
      49
      30
      54
      44
      40
      42
      63
      47
      50
      52
      53
      42
      64
      42
      51
      52
      75
      59
      73
      74
      63
      77
      93
      86
      93
     104
     116
      91
     104
      82
      96
      75
      73
      75
      68
      66
      71
      62
      54
      54
      44
      51
      60
      48
      39
      49
      41
      42
      37
      53
      42
      42
      41
      42
      35
      36
      38
      44
      48
      44
      38
      41
      42
      50
      37
      45
      46
      42
      46
      31
      46
      49
      48
      47
      42
      43
      40
      37
      48
      38
      48
      40
      37
      39
      38
      49
      44
      45
      37
      33
      34
      45
      42
      40
      55
      45
      42
      51
      49
      27
      49
      30
      32
      43
      31
      55
      38
      37
      49
      51
      34
      35
      34
      40
      36
      39
      48
      24
      36
      44
      44
      40
      36
      36
      50
      46
      28
      40
      43
      44
      36
      44
      40
      39
      49
      35
      38
      44
      40
      46
      32
      43
      46
      44
      52
      46
      43
      44
      39
      35
      27
      34
      37
      30
      48
      51
      45
      46
      45
      38
      31
      39
      39
      37
      40
      43
      40
      38
      41
      41
      45
      52
      28
      40
      34
      37
      44
      47
      45
      33
      42
      39
      39
      45
      37
      46
      36
      43
      38
      61
      35
      52
      44
      59
      38
      50
      48
      45
      55
      49
      50
      47
      39
      49
      50
      39
      45
      42
      48
      43
      46
      43
      36
      35
      46
      49
      46
      37
      50
      39
      46
      33
      49
      50
      34
      29
      33
      41
      39
      33
      35
      48
      48
      31
      48
      34
      49
      36
      38
      37
      29
      35
      45
      34
      49
      43
      34
      34
      36
      50
      30
      44
      41
      34
      31
      39
      42
      44
      38
      32
      44
      35
      37
      28
      38
      39
      48
      40
      33
      32
      29
      33
      56
      33
      37
      30
      34
      28
      40
      41
      37
      41
      36
      32
      32
      36
      35
      34
      32
      38
      45
      44
      32
      36
      35
      36
      51
      34
      29
      34
      42
      42
      34
      49
      44
      39
      28
      33
      26
      33
      35
      47
      44
      34
      41
      44
      29
      32
      39
      35
      30
      38
      41
      39
      37
      40
      36
      45
      30
      20
      34
      47
      34
      33
      41
      33
      37
      31
      33
      24
      35
      33
      41
      30
      35
      34
      37
      30
      35
      27
      43
      35
      34
      28
      35
      27
      30
      33
      34
      36
      27
      35
      42
      35
      29
      31
      30
      34
      34
      29
      36
      43
      34
      27
      34
      32
      35
      26
      24
      26
      28
      32
      32
      29
      37
      26
      36
      32
      25
      30
      27
      41
      37
      34
      32
      28
      34
      34
      29
      30
      35
      28
      33
      34
      23
      28
      28
      36
      36
      32
      33
      42
      36
      22
      31
      30
      23
      26
      28
      25
      25
      36
      22
      31
      24
      27
      34
      29
      34
      32
      28
      31
      21
      29
      34
      28
      26
      38
      35
      30
      28
      25
      31
      32
      35
      26
      33
      26
      32
      26
      23
      33
      38
      36
      32
      37
      28
      32
      32
      31
      22
      32
      15
      23
      31
      19
      27
      24
      18
      45
      26
      22
      29
      27
      24
      32
      36
      31
      36
      20
      25
      24
      33
      37
      35
      28
      37
      20
      33
      26
      32
      29
      32
      31
      21
      35
      27
      26
      27
      30
      22
      29
      24
      25
      19
      25
      24
      26
      32
      31
      22
      20
      21
      26
      36
      21
      19
      23
      23
      20
      19
      18
      24
      23
      31
      25
      29
      22
      27
      31
      36
      34
      26
      15
      21
      21
      25
      22
      36
      25
      23
      23
      16
      21
      25
      20
      24
      26
      27
      20
      28
      17
      15
      18
      28
      36
      32
      19
      21
      35
      25
      30
      14
      16
      20
      30
      19
      23
      33
      20
      31
      31
      29
      19
      22
      29
      27
      18
      23
      23
      18
      24
      24
      26
      30
      18
      20
      23
      26
      22
      22
      23
      27
      21
      15
      23
      19
      25
      22
      23
      29
      26
      17
      26
      18
      22
      22
      24
      22
      25
      20
      21
      21
      25
      21
      32
      24
      23
      20
      24
      32
      29
      17
      22
      22
      30
      17
      19
      25
      15
      19
      26
      22
      19
      16
      18
      20
      28
      18
      21
      19
      14
      19
      21
      24
      23
      26
      19
      30
      16
      16
      19
      24
      18
      28
      26
      28
      25
      31
      24
      17
      30
      22
      20
      20
      25
      17
      27
      19
      23
      22
      21
      26
      25
      24
      17
      16
      20
      24
      23
      23
      13
      16
      22
      21
      21
      27
      20
      29
      23
      22
      16
      23
      21
      26
      18
      17
      22
      25
      24
      20
      24
      35
      25
      22
      18
      17
      25
      21
      30
      31
      18
      16
      21
      18
      23
      18
      26
      22
      17
      15
      22
      18
      27
      26
      20
      28
      19
      27
      23
      19
      24
      23
      22
      24
      18
      13
      21
      23
      18
      31
      18
      23
      22
      23
      22
      23
      25
      20
      13
      17
      29
      24
      21
      26
      22
      19
      14
      18
      31
      25
      26
      28
      13
      19
      19
      22
      15
      22
      22
      14
      24
      13
      32
      16
      19
      25
      23
      24
      23
      21
      17
      26
      30
      25
      17
      22
      23
      15
      24
      21
      30
      26
      19
      25
      23
      18
      23
      40
      21
      22
      23
      21
      19
      22
      25
      17
      27
      25
      18
      27
      24
      23
      17
      28
      24
      25
      21
      16
      17
      17
      27
      26
      15
      23
      21
      20
      30
      27
      21
      25
      25
      23
      22
      31
      16
      24
      25
      29
      22
      29
      29
      23
      27
      26
      37
      25
      21
      25
      20
      20
      27
      17
      32
      30
      33
      24
      17
      22
      22
      21
      24
      19
      21
      21
      32
      28
      26
      24
      28
      23
      20
      21
      20
      20
      29
      25
      26
      24
      26
      23
      24
      23
      27
      22
      24
      19
      21
      20
      26
      25
      18
      19
      17
      27
      29
      23
      25
      25
      20
      24
      33
      28
      22
      20
      27
      21
      26
      15
      27
      25
      19
      40
      23
      24
      22
      20
      24
      29
      18
      22
      26
      23
      21
      36
      20
      16
      21
      17
      23
      23
      20
      26
      33
      28
      22
      33
      30
      18
      23
      21
      10
      31
      20
      23
      20
      17
      37
      22
      21
      15
      26
      23
      24
      19
      18
      18
      19
      29
      19
      29
      20
      20
      28
      28
      30
      24
      20
      20
      25
      11
      25
      22
      27
      20
      24
      21
      28
      26
      22
      16
      32
      31
      28
      24
      41
      19
      37
      20
      26
      20
      22
      28
      28
      19
      27
      19
      25
      28
      21
      25
      32
      27
      22
      31
      29
      23
      23
      30
      33
      37
      20
      25
      33
      32
      25
      32
      23
      28
      17
      23
      35
      24
      41
      23
      25
      20
      34
      24
      26
      24
      30
      29
      24
      27
      25
      31
      18
      34
      20
      26
      31
      21
      26
      28
      34
      25
      28
      43
      28
      36
      35
      29
      47
      42
      42
      39
      51
      25
      62
      71
      67
      89
     160
     247
     353
     525
     748
     995
    1264
    1555
    1822
    2090
    2219
    2270
    2084
    1993
    1702
    1409
    1181
     879
     557
     434
     306
     206
     118
      90
      57
      37
      41
      20
      24
      25
      22
      23
      31
      19
      17
      33
      23
      29
      28
      27
      28
      17
      23
      28
      31
      23
      24
      21
      21
      25
      26
      29
      30
      26
      35
      22
      32
      25
      31
      12
      33
      26
      24
      25
      20
      21
      23
      25
      19
      27
      26
      22
      32
      24
      18
      22
      21
      23
      19
      36
      23
      26
      25
      33
      29
      25
      17
      26
      24
      20
      31
      29
      23
      23
      19
      28
      21
      27
      22
      27
      21
      29
      24
      27
      27
      28
      22
      29
      17
      23
      21
      19
      26
      36
      27
      20
      38
      25
      30
      19
      25
      32
      25
      34
      26
      26
      20
      25
      20
      31
      22
      23
      29
      27
      24
      28
      31
      20
      29
      27
      12
      29
      23
      24
      25
      29
      23
      22
      31
      30
      30
      23
      29
      27
      24
      27
      26
      28
      27
      22
      19
      28
      23
      30
      22
      22
      20
      23
      29
      20
      31
      26
      28
      24
      21
      26
      26
      19
      32
      19
      20
      18
      15
      19
      20
      20
      25
      22
      38
      18
      26
      22
      23
      23
      23
      34
      20
      30
      33
      22
      27
      25
      25
      26
      20
      25
      16
      21
      36
      28
      24
      32
      25
      30
      35
      21
      25
      31
      29
      27
      23
      24
      29
      30
      34
      32
      20
      22
      19
      26
      27
      37
      25
      22
      33
      28
      28
      23
      25
      29
      21
      25
      32
      29
      22
      28
      24
      29
      17
      30
      21
      27
      30
      22
      34
      21
      24
      32
      19
      24
      26
      31
      26
      30
      25
      35
      26
      23
      21
      22
      24
      30
      15
      24
      42
      23
      32
      31
      30
      32
      28
      23
      26
      23
      28
      22
      27
      28
      26
      31
      30
      29
      24
      27
      37
      22
      32
      24
      37
      27
      36
      22
      25
      31
      25
      25
      33
      26
      29
      27
      27
      27
      20
      33
      32
      34
      21
      38
      22
      31
      27
      24
      29
      30
      25
      26
      32
      26
      30
      30
      24
      28
      31
      40
      30
      37
      30
      20
      30
      24
      30
      20
      28
      26
      27
      25
      34
      21
      27
      23
      28
      37
      21
      29
      23
      20
      21
      33
      25
      30
      33
      18
      22
      29
      24
      21
      23
      22
      22
      21
      28
      24
      24
      21
      25
      22
      28
      26
      21
      25
      21
      17
      22
      20
      26
      25
      24
      28
      18
       8
      19
      18
      18
      23
      22
      23
      26
      13
      18
      19
      12
      17
      19
      15
      24
      23
      10
      34
      16
      16
      13
      21
      12
      23
      14
      15
      19
      13
      15
      15
      19
      14
      17
      15
      19
      16
      16
      18
      21
      21
      26
      25
      18
      14
      14
      16
      16
      23
      14
      14
      14
      22
      26
      19
      18
      18
      17
      16
      17
      10
      15
      16
      12
       7
      13
      15
      17
      20
      22
      14
      27
      17
      15
      22
      12
      17
      23
      12
      11
      15
      22
      10
      20
      16
      15
      16
      17
      14
      15
      16
      24
      16
      15
      10
      11
      13
      13
      18
      16
      16
      19
      10
      15
      13
      19
      18
       9
      22
      16
      19
      14
      19
      19
      20
      19
      19
      16
      17
      16
      11
      11
      14
      10
      12
       8
      13
       9
       7
       9
      15
      13
      25
      10
      24
      15
      17
      18
      11
      16
      13
      15
      15
      18
      12
      13
      15
      20
      15
      13
       9
      11
       8
      18
      19
      15
      20
      19
      12
      15
      19
      17
      17
      14
      19
      13
      18
      15
      10
      14
      16
      11
      21
      17
      11
      13
      10
      16
      18
      19
      15
       7
      17
      17
      15
      17
      23
      15
      11
      15
      16
      14
      16
      15
      10
      11
      18
      13
      16
      14
      11
      22
      13
      16
      12
      10
      15
      12
      15
      20
      15
      11
      13
      16
      17
      16
      13
      17
      12
      16
      13
      20
      15
      14
      13
      16
      13
      16
      15
      13
      15
      15
      12
      13
      11
      14
       6
      17
      14
      15
      13
      25
      11
      15
       9
      13
      10
       9
      11
      12
      10
      12
      20
      20
      15
      18
      17
      16
      13
      12
      15
      22
      15
      16
      16
      19
      18
      15
      11
      15
      15
      17
       7
      12
      14
      19
      19
      14
      15
      11
      17
      14
      12
      13
      12
      11
      13
       8
      10
      15
      14
      12
      11
       9
      14
      10
      11
       6
      14
      13
      15
      13
      14
      13
       9
      11
      12
      13
      13
      11
      14
       7
      10
      10
      13
      11
      13
      18
      18
      11
      10
       7
      11
      12
      19
      12
       9
      13
      17
      12
      14
      13
      11
      11
      11
      15
      12
      12
      10
      10
       8
      17
      14
      13
      16
      14
      16
      11
      10
      18
      14
      11
      18
       8
      13
      10
      11
      13
       8
      11
      11
      11
       8
      12
       9
       7
      16
      11
       7
       8
      16
      16
      12
      10
      14
      15
      10
      12
      13
      10
      13
      16
      13
       6
       9
      10
       9
      12
       6
      13
      21
      11
      13
      10
       7
      10
       7
      10
       7
      14
      12
      10
      12
       3
      11
      11
      13
       8
       9
       7
       9
       6
       8
      11
      11
       6
      11
      12
      10
      10
      13
      11
       8
      13
       8
      13
       7
       9
      11
       7
       8
       7
       6
      13
      14
       6
       6
      10
      15
      12
      10
      13
      10
       6
       9
      13
       5
      10
       8
       9
      15
      14
      11
       3
       7
       8
       6
       7
      13
       8
       7
       6
       6
       7
      13
       9
       9
      14
       5
      11
       8
       9
      11
      11
       9
       7
       8
      16
       7
      11
      11
       9
      11
       4
       8
       8
       6
       3
       7
       8
      10
       8
      12
      11
       4
       8
      13
       4
       8
      11
       9
       5
       7
      13
       1
       5
       7
      13
       8
      11
       8
       7
      10
       9
       6
       8
       5
       5
       7
      10
       6
       6
       6
       8
       4
       8
       8
       9
       5
       3
       5
       7
       3
       8
       3
       8
       8
       5
       4
       9
       6
      12
       8
       7
       6
       0
       4
       4
       5
       5
       9
       3
       5
       6
       4
       8
       2
       5
       3
       4
       8
       7
       3
      11
       8
       9
       6
       5
       5
      10
       3
       7
       5
       4
       7
       8
       6
       7
       5
       8
       4
       9
       6
       4
       7
       6
       6
       4
       5
       5
       4
      10
       2
       3
       3
       5
       5
       9
       4
       6
       6
      10
       3
       5
       9
       2
       5
       6
       8
       2
       5
       5
       8
       5
       5
       4
      11
       5
       5
       4
       8
       7
      10
       5
       8
       5
      15
       8
      10
      11
       9
       8
      12
       6
      13
      13
      11
      10
       6
      13
       5
       5
       2
       7
       2
       8
       2
       1
       3
       5
       7
       8
       6
       4
       6
       4
       4
       3
       7
       7
       3
       5
       1
       3
       2
       4
       6
       3
       9
       6
       4
       9
       2
       7
       5
       7
       2
       3
       4
       5
       4
       2
       4
       4
       5
       5
       5
       4
       6
       5
       4
       3
       0
       6
       6
       2
       4
       5
       4
       2
       3
       7
       2
       4
       7
       4
       4
       4
       7
       4
       6
       5
       7
       6
       7
       4
       6
       5
       2
       8
       5
       2
       3
       3
       4
       4
       4
       2
       6
       5
       5
       1
       1
       7
       3
       4
       4
       4
       3
       5
       4
       3
       4
       3
       0
       5
       2
       6
       4
       4
       5
       1
       2
       8
       4
       6
       3
       3
       5
       7
       4
       6
       6
       0
       9
       6
       5
       3
       4
       5
       6
       3
       6
       3
       6
       5
       7
       3
       5
       4
       4
       4
       2
       3
       2
       2
       6
       4
       4
       0
       5
       3
      10
       1
       4
       6
       2
       5
       5
       5
       4
       3
       6
       4
       4
       4
       1
       6
       2
       5
       5
       6
       6
       5
       5
       4
       3
       1
       2
       2
       4
       7
       4
       6
       1
       3
       5
       2
       2
       4
       7
       2
       6
       2
       2
       3
       2
       3
       5
       5
       3
       3
       6
       3
       1
       3
       4
       1
       6
       2
       3
       3
       4
       4
       3
       3
       5
       1
       6
       4
       4
       6
       6
       3
       1
       8
       3
       3
       3
       2
       2
       4
       5
       2
       4
       7
       3
       3
       6
       1
       3
       3
       2
       9
       3
       4
       5
       4
       0
       6
       3
       2
       6
       7
       3
       2
       6
       3
       4
       3
       7
       1
       5
       5
       5
       4
       3
       3
       4
       7
       8
       3
       1
       7
       3
       7
       5
       3
       5
       5
       6
       3
       8
       6
       7
       2
       7
       5
       1
       2
       3
       3
       2
       6
       3
       4
       4
       3
       2
       4
       2
       6
       4
       4
       5
       3
       5
       4
       6
       3
       5
       1
       2
       3
       1
       1
       5
       3
       2
       1
       7
       2
       2
       5
       3
       5
       4
       2
       2
       2
       2
       1
       3
       6
       3
       4
       2
       1
       4
       4
       3
       7
       2
       5
       2
       2
       5
       3
       3
       2
       5
       3
       4
       2
       1
       3
       5
       7
       7
       1
       5
       5
       6
       2
       3
       3
       2
       6
       3
       3
       5
       3
       4
       2
       2
       2
       4
       5
       4
       5
       3
       3
       6
       2
       2
       5
       2
       8
       4
       4
       4
       2
       5
       7
       5
       6
       2
       2
       5
       2
       6
       2
       8
       2
       7
       4
       5
       3
       4
       6
       2
       5
       3
       4
       8
       3
       8
       3
       2
       2
       4
       1
       3
       2
       5
       3
       5
       5
       6
       4
       8
       4
       5
       6
       7
       2
       2
       7
       5
       4
       7
       4
       6
       2
       4
       2
       2
       2
       3
       3
       5
       6
       3
       7
       3
       4
       6
       5
       2
      11
       5
       6
       1
       3
       5
       1
       3
       3
       7
       6
      12
       8
       7
      11
       5
       3
      10
       4
       7
      10
      13
      11
      17
       9
      18
      27
      29
      43
      74
      80
     130
     200
     256
     359
     482
     601
     688
     811
     869
     888
     960
     910
     802
     718
     614
     503
     403
     290
     227
     147
     106
      56
      34
      35
       8
       6
       6
       4
       3
       5
       3
       1
       4
       4
       5
       3
       1
       5
      10
       3
       3
       1
       6
       3
       2
       4
       2
       0
       5
       2
       0
       4
       3
       3
       0
       6
       1
       0
       0
       2
       2
       2
       1
       0
       0
       3
       2
       2
       3
       2
       5
       3
       1
       3
       3
       0
       6
       2
       6
       1
       1
       3
       0
       4
       2
       4
       4
       3
       2
       4
       3
       4
       0
       2
       2
       3
       4
       1
       3
       2
       2
       1
       3
       1
       1
       2
       1
       1
       1
       1
       3
       6
       1
       3
       0
       1
       3
       3
       5
       5
       1
       3
       2
       0
       3
       2
       2
       1
       1
       3
       5
       1
       1
       3
       1
       0
       3
       0
       4
       1
       3
       1
       3
       1
       4
       5
       3
       2
       2
       2
       4
       4
       1
       3
       1
       2
       5
       1
       1
       1
       6
       2
       1
       4
       5
       6
       3
       5
       2
       3
       6
       8
       9
       5
       7
       6
       7
       6
       4
       7
       6
       7
       1
       2
       3
       2
       2
       1
       3
       6
       4
       4
       6
       4
       3
       3
       1
       3
       1
       3
       3
       3
       0
       2
       1
       2
       3
       5
       4
       3
       2
       6
       2
       2
       5
       2
       1
       3
       4
       2
       5
       2
       3
       3
       1
       1
       3
       2
       5
       1
       4
       3
       2
       3
       0
       0
       2
       3
       2
       0
       7
       1
       2
       3
       3
       4
       3
       3
       3
       2
       2
       0
       0
       2
       1
       7
       6
       1
       4
       2
       0
       3
       2
       1
       2
       2
       0
       2
       3
       1
       1
       1
       0
       4
       2
       2
       1
       4
       0
       3
       3
       0
       2
       4
       3
       3
       2
       3
       3
       5
       6
       1
       4
       4
       4
       3
       3
       2
       1
       2
       0
       2
       2
       4
       4
       2
       1
       5
       1
       3
       2
       2
       1
       3
       4
       3
       3
       2
       1
       2
       2
       5
       4
       5
       2
       3
       3
       5
       3
       1
       1
       1
       1
       2
       1
       6
       0
       4
       2
       5
       2
       0
       3
       0
       1
       3
       1
       0
       1
       4
       4
       3
       2
       1
       4
       0
       5
       3
       1
       0
       1
       4
       3
       2
       0
       3
       4
       5
       2
       5
       2
       6
       2
       6
       5
       1
       3
       2
       3
       3
       2
       3
       3
       2
       3
       3
       3
       0
       2
       2
       2
       2
       5
       1
       1
       7
       3
       3
       1
       5
       1
       0
       2
       1
       6
       4
       4
       0
       5
       2
       4
       1
       0
       2
       5
       3
       1
       1
       2
       3
       0
       3
       1
       1
       3
       3
       0
       3
       5
       0
       1
       4
       1
       4
       4
       4
       1
       1
       3
       1
       5
       2
       2
       1
       1
       4
       3
       2
       3
       4
       0
       1
       0
       2
       3
       3
       3
       4
       4
       3
       5
       2
       7
       2
       2
       4
       3
       7
       6
       2
       4
       4
       3
       5
       2
       2
       2
       0
       6
       1
       1
       1
       5
       3
       3
       5
       1
       3
       1
       4
       1
       2
       1
       1
       1
       4
       3
       4
       2
       1
       1
       5
       6
       2
       3
       3
       2
       1
       3
       3
       0
       2
       1
       3
       3
       4
       3
       4
       2
       3
       1
       2
       3
       2
       2
       4
       5
       3
       1
       2
       2
       4
       3
       4
       4
       2
       3
       5
       3
       1
       3
       6
       2
       3
       3
       4
       4
       4
       2
       3
       6
       2
       3
       7
       6
       4
       2
       1
       1
       3
       8
       1
       1
       3
       4
       7
       2
       4
       0
       2
       4
       1
       0
       7
       1
       4
       3
       3
       3
       5
       3
       3
       1
       0
       2
       3
       3
       1
       2
       2
       1
       1
       2
       4
       1
       4
       2
       4
       1
       1
       4
       1
       0
       6
       1
       1
       4
       4
       5
       1
       4
       1
       2
       2
       2
       4
       1
       2
       1
       5
       1
       1
       3
       5
       2
       2
       1
       0
       0
       2
       3
       5
       4
       1
       5
       3
       3
       2
       5
       0
       2
       2
       2
       2
       3
       3
       5
       5
       3
       3
       1
       1
       2
       5
       6
       3
       2
       4
       2
       1
       2
       1
       0
       3
       1
       3
       4
       0
       3
       2
       1
       3
       1
       0
       7
       1
       2
       4
       5
       2
       2
       4
       5
       4
       3
       1
       5
       2
       3
       3
       5
       7
       6
       1
       2
       1
       3
       3
       4
       1
       4
       2
       2
       4
       5
       1
       2
       3
       2
       2
       1
       5
       1
       2
       3
       2
       2
       2
       2
       2
       3
       5
       1
       3
       6
       4
       2
       1
       2
       2
       2
       2
       0
       2
       1
       1
       0
       5
       4
       0
       2
       1
       1
       2
       4
       3
       5
       4
       4
       1
       5
       2
       1
       2
       2
       2
       4
       5
       4
       2
       3
       8
       0
       4
       6
       2
       8
       3
       5
       3
       4
       2
       5
       4
       2
       2
       1
       2
       2
       0
       6
       3
       3
       2
       5
       1
       0
       2
       3
       2
       9
       3
       4
       4
       3
       4
       2
       1
       3
       2
       3
       7
       4
       1
       0
       5
       2
       2
       1
       2
       4
       5
       3
       1
       1
       5
       4
       7
       2
       4
       3
       4
       2
       7
       4
       4
       1
       2
       2
       3
       4
       5
       4
       8
       0
       3
       4
       2
       7
       3
       1
       4
       1
       1
       3
       2
       4
       2
       2
       3
       1
       3
       2
       2
       4
       2
       2
       3
       3
       1
       3
       2
       5
       5
       4
       4
       4
       2
       3
       3
       3
       0
       4
       3
       3
       3
       0
       4
       4
       4
       2
       1
       2
       2
       0
       2
       2
       3
       3
       2
       2
       4
       2
       1
       3
       0
       2
       1
       4
       4
       4
       3
       3
       5
       1
       3
       2
       3
       3
       2
       6
       3
       1
       3
       4
       3
       3
       9
       2
       3
       3
       5
       0
       2
       3
       3
       1
       3
       3
       4
       1
       4
       1
       3
       1
       2
       4
       3
       2
       2
       0
       2
       0
       2
       2
       3
       2
       1
       1
       2
       5
       2
       4
       4
       6
       1
       0
       1
       3
       4
       2
       1
       4
       4
       2
       3
       4
       6
       6
       1
       0
       2
       1
       1
       4
       3
       2
       0
       2
       2
       2
       6
       0
       2
       1
       1
       4
       5
       1
       1
       1
       1
       1
       0
       4
       3
       2
       1
       3
       2
       2
       3
       4
       3
       1
       2
       3
       1
       0
       0
       3
       5
       5
       4
       4
       2
       1
       3
       4
       1
       2
       2
       1
       5
       8
       1
       1
       4
       3
       2
       2
       5
       2
       1
       4
       2
       2
       1
       2
       3
       3
       3
       3
       2
       3
       0
       3
       2
       3
       3
       1
       4
       0
       1
       0
       2
       4
       2
       4
       4
       3
       4
       2
       1
       1
       2
       3
       3
       3
       1
       0
       1
       5
       5
       1
       2
       2
       3
       1
       4
       6
       2
       5
       2
       2
       4
       3
       3
       1
       3
       0
       3
       1
       3
       2
       3
       2
       3
       1
       4
       4
       0
       2
       1
       3
       6
       3
       3
       2
       2
       3
       4
       1
       1
       1
       5
       0
       2
       3
       3
       1
       2
       3
       1
       2
       3
       4
       2
       2
       3
       2
       3
       0
       3
       2
       0
       4
       2
       0
       2
       1
       1
       2
       4
       3
       3
       3
       5
       2
       0
       0
       3
       1
       1
       0
       4
       6
       2
       2
       1
       5
       2
       4
       0
       3
       2
       3
       5
       4
       1
       2
       5
       2
       3
       3
       2
       0
       1
       4
       4
       7
       2
       3
       6
       6
       5
       9
       5
       5
       5
       4
       3
       3
       3
       3
       1
       2
       3
       2
       1
       3
       3
       5
       1
       6
       4
       1
       1
       3
       2
       4
       1
       2
       1
       2
       1
       0
       1
       2
       4
       2
       1
       2
       1
       0
       4
       3
       2
       4
       2
       4
       0
       3
       4
       2
       1
       1
       2
       1
       0
       2
       2
       4
       2
       1
       1
       2
       0
       2
       3
       1
       0
       4
       1
       6
       3
       3
       3
       2
       2
       2
       1
       2
       1
       1
       4
       1
       2
       0
       4
       3
       1
       2
       2
       4
       2
       2
       2
       4
       0
       3
       2
       3
       7
       7
       0
       1
       1
       2
       2
       2
       0
       1
       3
       1
       3
       0
       3
       2
       0
       1
       0
       1
       5
       3
       3
       4
       1
       1
       2
       4
       6
       1
       4
       3
       5
       3
       1
       4
       1
       3
       2
       5
       0
       1
       2
       3
       2
       2
       2
       1
       1
       2
       4
       1
       1
       1
       2
       1
       2
       5
       3
       2
       4
       3
       2
       1
       1
       2
       2
       2
       4
       4
       1
       2
       4
       3
       3
       0
       0
       3
       2
       5
       4
       2
       3
       2
       3
       0
       3
       1
       2
       2
       3
       2
       1
       2
       2
       0
       1
       1
       3
       2
       0
       3
       1
       1
       4
       1
       6
       1
       1
       2
       2
       4
       3
       1
       1
       1
       2
       1
       3
       0
       0
       1
       4
       4
       3
       1
       2
       1
       3
       1
       1
       2
       1
       2
       0
       1
       1
       1
       4
       2
       4
       1
       1
       2
       0
       2
       1
       2
       1
       2
       2
       3
       3
       0
       0
       3
       1
       0
       3
       3
       3
       1
       2
       4
       0
       1
       0
       1
       3
       3
       3
       1
       1
       1
       2
       3
       0
       3
       1
       2
       5
       1
       3
       0
       0
       1
       4
       1
       1
       4
       1
       1
       3
       2
       0
       2
       0
       2
       2
       4
       0
       3
       1
       2
       1
       1
       1
       1
       1
       0
       1
       3
       1
       1
       1
       0
       2
       0
       1
       2
       0
       1
       3
       1
       2
       2
       3
       3
       1
       3
       1
       4
       0
       3
       4
       2
       3
       0
       3
       3
       0
       0
       0
       5
       0
       1
       3
       4
       2
       7
       5
       6
       2
       4
       2
       5
       5
       4
       0
       2
       2
       0
       0
       1
       2
       0
       2
       1
       0
       0
       5
       0
       1
       1
       2
       3
       3
       2
       0
       3
       0
       0
       2
       2
       1
       0
       4
       1
       2
       3
       2
       1
       0
       1
       1
       3
       0
       1
       3
       2
       2
       2
       2
       1
       2
       3
       2
       1
       4
       2
       1
       1
       0
       0
       0
       0
       1
       2
       2
       0
       4
       2
       1
       1
       3
       1
       1
       1
       1
       2
       3
       2
       0
       2
       1
       1
       1
       2
       1
       1
       0
       3
       1
       0
       3
       1
       1
       0
       0
       1
       1
       0
       2
       0
       2
       2
       2
       0
       2
       0
       1
       1
       3
       2
       2
       2
       3
       0
       4
       0
       2
       1
       3
       0
       1
       0
       1
       4
       1
       2
       0
       1
       3
       0
       1
       1
       2
       1
       0
       4
       2
       1
       3
       2
       1
       1
       2
       4
       1
       1
       3
       3
       1
       2
       2
       2
       3
       3
       4
       1
       1
       1
       0
       4
       6
       1
       1
       2
       1
       3
       6
       3
       0
       6
       2
       1
       1
       0
       0
       0
       0
       0
       0
       0
       0
       1
       0
       1
       3
       1
       1
       1
       1
       2
       2
       2
       1
       1
       1
       2
       1
       1
       1
       1
       1
       0
       1
       1
       1
       1
       0
       3
       3
       3
       1
       1
       0
       0
       2
       3
       0
       0
       0
       0
       1
       1
       1
       1
       2
       3
       2
       2
       0
       2
       1
       1
       2
       2
       2
       3
       0
       1
       1
       1
       0
       3
       3
       3
       2
       1
       1
       1
       1
       3
       0
       2
       0
       0
       1
       1
       3
       0
       2
       2
       1
       3
       1
       1
       1
       1
       2
       0
       2
       1
       1
       0
       1
       1
       1
       0
       0
       0
       0
       1
       0
       1
       2
       0
       0
       1
       0
       0
       2
       2
       1
       1
       1
       0
       1
       1
       1
       2
       2
       2
       1
       4
       3
       1
       0
       2
       2
       3
       1
       0
       1
       1
       2
       1
       2
       2
       0
       0
       1
       2
       3
       3
       1
       0
       1
       0
       3
       0
       2
       2
       3
       1
       0
       1
       0
       0
       0
       0
       0
       1
       1
       0
       1
       3
       2
       0
       1
       1
       2
       2
       1
       3
       0
       3
       2
       3
       2
       3
       0
       0
       2
       0
       0
       1
       4
       3
       0
       0
       1
       2
       0
       3
       2
       3
       2
       2
       0
       0
       1
       0
       0
       0
       1
       0
       0
       2
       3
       0
       1
       1
       2
       3
       0
       0
       0
       0
       1
       0
       0
       1
       1
       0
       0
       1
       1
       1
       0
       2
       0
       1
       0
       2
       3
       1
       0
       2
       0
       0
       1
       0
       0
       1
       3
       0
       2
       1
       2
       0
       0
       1
       2
       0
       0
       0
       1
       1
       2
       1
       4
       2
       0
       1
       3
       0
       0
       2
       0
       2
       1
       0
       0
       0
       0
       0
       3
       2
       1
       0
       1
       0
       0
       2
       0
       1
       2
       2
       0
       3
       0
       0
       2
       1
       1
       0
       0
       3
       0
       0
       3
       0
       0
       2
       1
       0
       2
       2
       2
       1
       0
       1
       1
       2
       0
       2
       2
       1
       2
       1
       0
       0
       2
       2
       1
       2
       0
       0
       0
       3
       3
       2
       2
       1
       2
       1
       3
       4
       3
       1
       3
       9
      12
      16
      20
      27
      24
      45
      41
      57
      42
      56
      59
      40
      38
      41
      34
      31
      27
      15
      21
      12
       8
       8
       2
       2
       2
       3
       0
       3
       3
       4
       1
       1
       0
       1
       0
       0
       0
       1
       3
       2
       0
       3
       1
       1
       0
       3
       1
       1
       0
       2
       0
       1
       0
       2
       1
       0
       0
       1
       0
       1
       3
       0
       3
       0
       0
       1
       0
       1
       2
       0
       2
       2
       1
       1
       1
       0
       1
       1
       0
       1
       0
       1
       1
       1
       1
       1
       0
       3
       0
       1
       1
       1
       0
       1
       0
       1
       1
       0
       0
       0
       2
       0
       0
       0
       0
       0
       0
       1
       2
       0
       2
       0
       0
       0
       0
       0
       1
       0
       0
       1
       0
       0
       4
       0
       0
       0
       1
       0
       0
       0
       0
       1
       0
       2
       1
       2
       0
       0
       2
       1
       0
       1
       0
       2
       1
       1
       2
       1
       0
       1
       0
       2
       0
       1
       0
       2
       0
       2
       0
       0
       2
       1
       1
       0
       1
       0
       0
       0
       0
       0
       1
       1
       2
       1
       1
       1
       1
       0
       0
       1
       1
       1
       0
       1
       1
       0
       0
       0
       1
       0
       0
       0
       0
       0
       0
       0
       4
       2
       0
       0
       0
       0
       1
       0
       2
       1
       0
       0
       1
       3
       0
       0
       0
       1
       1
       2
       1
       0
       1
       2
       0
       0
       0
       1
       0
       0
       0
       0
       0
       1
       0
       0
       0
       1
       2
       0
       2
       0
       0
       1
       0
       1
       1
       0
       1
       0
       2
       0
       0
       1
       0
       0
       0
       0
       1
       0
       1
       3
       1
       3
       0
       2
       0
       0
       2
       0
       0
       2
       1
       1
       1
       0
       2
       2
       0
       1
       0
       1
       0
       2
       2
       1
       0
       1
       2
       0
       2
       1
       2
       0
       1
       0
       0
       1
       1
       0
       1
       0
       1
       1
       0
       1
       0
       2
       0
       0
       1
       1
       2
       0
       3
       1
       1
       0
       1
       0
       0
       0
       2
       1
       1
       1
       0
       0
       1
       0
       1
       0
       0
       0
       1
       1
       1
       1
       0
       0
       0
       0
       1
       3
       0
       0
       0
       3
       1
       0
       0
       2
       0
       1
       0
       1
       2
       1
       1
       0
       0
       0
       3
       1
       0
       0
       1
       0
       0
       0
       0
       0
       0
       0
       0
       1
       0
       0
       1
       0
       1
       0
       0
       0
       0
       0
       1
       0
       0
       0
       4
       3
       0
       2
       1
       1
       2
       1
       1
       0
       3
       1
       0
       0
       2
       1
       1
       1
       1
       0
       0
       2
       1
       2
       0
       1
       1
       0
       1
       0
       0
       2
       0
       0
       1
       0
       1
       0
       1
       1
       0
       1
       0
       2
       1
       1
       1
       1
       1
       1
       2
       1
       0
       1
       0
       1
       0
       0
       1
       0
       1
       1
       0
       1
       0
       0
       1
       0
       1
       0
       2
       1
       0
       0
       1
       0
       1
       0
       3
       5
       5
       2
       6
       5
       2
       2
       4
       1
       3
       3
       3
       3
       2
       0
       1
       1
       1
       2
       1
       0
       2
       2
       0
       0
       1
       1
       2
       0
       0
       0
       1
       1
       1
       0
       1
       0
       3
       1
       0
       0
       0
       1
       0
       0
       2
       0
       2
       1
       1
       0
       2
       1
       0
       0
       0
       0
       1
       0
       1
       0
       0
       1
       2
       1
       2
       1
       2
       0
       1
       2
       1
       0
       0
       0
       1
       2
       0
       0
       0
       0
       0
       0
       0
       0
       1
       0
       2
       0
       1
       2
       0
       1
       1
       0
       1
       2
       1
       2
       0
       0
       0
       0
       2
       0
       0
       0
       0
       0
       0
       0
       0
       1
       1
       1
       0
       0
       2
       1
       0
       1
       1
       0
       1
       2
       0
       0
       0
       1
       1
       0
       0
       0
       0
       0
       0
       0
       0
       0
       1
       0
       1
       1
       0
       1
       0
       0
       0
       0
       1
       0
       2
       1
       1
       0
       0
       1
       0
       1
       0
       0
       1
       0
       2
       0
       1
       0
       0
       0
       0
       0
       2
       1
       2
       0
       0
       1
       0
       2
       1
       0
       2
       0
       0
       0
       0
       0
       2
       1
       0
       0
       0
       0
       0
       0
       1
       2
       0
       3
       0
       2
       0
       2
       0
       1
       1
       1
       0
       4
       3
       8
       4
      11
      16
      11
      15
      15
      23
      27
      41
      24
      33
      31
      30
      26
      29
      23
      17
      17
       9
       7
       7
       2
       4
       3
       2
       0
       0
       1
       0
       0
       1
       1
       1
       1
       0
       0
       2
       1
       0
       3
       1
       0
       1
       0
       0
       1
       0
       3
       0
       1
       0
       3
       0
       0
       1
       0
       0
       1
       1
       0
       0
       1
       0
       0
       2
       1
       0
       0
       0
       1
       0
       0
       0
       0
       1
       2
       0
       0
       0
       3
       1
       1
       2
       2
       0
       2
       0
       1
       1
       0
       0
       2
       0
       0
       1
       2
       0
       0
       2
       1
       0
       0
       0
       0
       0
       1
       0
       2
       0
       3
       1
       0
       0
       1
       0
       1
       0
       1
       1
       0
       0
       0
       0
       1
       1
       1
       0
       0
       2
       0
       0
       1
       0
       1
       1
       1
       1
       0
       1
       2
       0
       0
       1
       1
       1
       0
       0
       1
       0
       1
       1
       1
       3
       0
       1
       0
       3
       0
       1
       2
       0
       1
       0
       0
       0
       1
       0
       1
       0
       0
       0
       2
       1
       0
       1
       1
       0
       0
       1
       0
       1
       0
       1
       0
       0
       2
       0
       1
       0
       0
       1
       0
       3
       2
       1
       0
       0
       1
       0
       0
       1
       0
       0
       1
       0
       1
       0
       0
       0
       1
       0
       0
       0
       0
       0
       0
       0
       1
       0
       0
       1
       1
       1
       3
       1
       0
       0
       1
       1
       0
       0
       2
       1
       0
       0
       1
       1
       0
       1
       1
       1
       0
       0
       1
       0
       0
       0
       1
       2
       1
       1
       0
       1
       1
       0
       1
       0
       1
       3
       0
       1
       1
       1
       1
       0
       2
       0
       0
       0
       0
       1
       0
       0
       1
       2
       1
       0
       1
       0
       1
       1
       2
       1
       1
       0
       0
       1
       1
       0
       0
       2
       1
       0
       0
       0
       0
       2
       0
       1
       2
       0
       0
       1
       1
       2
       0
       0
       0
       0
       0
       0
       3
       0
       0
       0
       0
       0
       0
       1
       1
       0
       1
       0
       0
       1
       1
       0
       1
       0
       0
       1
       0
       0
       0
       1
       2
       0
       1
       0
       1
       1
       1
       1
       0
       1
       0
       0
       0
       2
       1
       0
       0
       1
       0
       0
       1
       0
       0
       1
       0
       0
       0
       2
       0
       0
       0
       0
       0
       1
       0
       0
       2
       1
       0
       0
       2
       3
       0
       0
       0
       0
       0
       0
       0
       0
       0
       0
       1
       1
       2
       0
       1
       0
       0
       1
       0
       0
       0
       0
       0
       1
       0
       1
       1
       0
       0
       0
       0
       1
       0
       0
       1
       0
       0
       1
       0
       0
       0
       0
       0
       0
       1
       1
       1
       0
       0
       0
       0
       0
       0
       2
       0
       0
       0
       1
       0
       0
       0
       0
       0
       1
       0
       0
       0
       0
       0
       1
       0
       0
       0
       0
       0
       0
       0
       0
       2
       0
       0
       0
       1
       1
       0
       0
       0
       0
       0
       0
       1
       0
       1
       0
       0
       0
       0
       1
       0
       0
       0
       1
       0
       0
       2
       0
       0
       1
       0
       0
       0
       1
       1
       1
       0
       2
       3
       3
       0
       1
       0
       0
       1
       0
       2
       0
       0
       1
       0
       0
       1
       1
       0
       0
       1
       1
       1
       1
       0
       0
       0
       0
       0
       0
       0
       0
       1
       1
       1
       1
       1
       0
       0
       0
       0
       0
       1
       2
       0
       0
       0
       0
       0
       1
       0
       0
       0
       1
       1
       0
       1
       0
       1
       2
       1
       1
       0
       2
       2
       0
       0
       0
       0
       0
       0
       1
       1
       0
       0
       0
       0
       1
       0
       1
       0
       0
       0
       1
       2
       0
       1
       1
       0
       0
       0
       0
       1
       0
       1
       0
       0
       1
       0
       0
       0
       1
       1
       1
       0
       0
       0
       0
       0
       0
       1
       0
       1
       1
       0
       0
       1
       0
       1
       1
       0
       0
       0
       1
       0
       1
       0
       0
       0
       1
       0
       1
       0
       1
       0
       2
       0
       1
       1
       0
       1
       1
       0
       2
       0
       0
       1
       0
       0
       0
       0
       0
       0
       1
       1
       0
       0
       0
       0
       0
       0
       1
       1
       0
       0
       0
       0
       0
       0
       0
       0
       2
       1
       0
       1
       0
       0
       0
       2
       0
       0
       0
       0
       0
       0
       1
       0
       1
       2
       0
       0
       0
       0
       1
       0
       0
       1
       0
       0
       0
       0
       0
       1
       0
       0
       0
       0
       0
       0
       0
       0
       0
       0
       1
       1
       0
       1
       0
       2
       0
       1
       1
       1
       0
       0
       0
       0
       1
       0
       0
       0
       0
       1
       0
       1
       1
       0
       1
       0
       0
       0
       1
       0
       0
       0
       0
       1
       0
       0
       0
       0
       0
       0
       1
       0
       1
       0
       0
       0
       1
       0
       1
       0
       0
       0
       0
       0
       0
       2
       0
       0
       0
       0
       1
       2
       0
       0
       0
       0
       0
       0
       1
       0
       0
       0
       0
       0
       1
       0
       0
       0
       0
       1
       0
       0
       0
       2
       0
       0
       0
       0
       0
       1
       0
       0
       0
       1
       2
       0
       0
       0
       0
       0
       0
       0
       0
       1
       0
       0
       0
       0
       0
       0
       1
       1
       0
       0
       2
       1
       0
       0
       0
       0
       0
       0
       0
       1
       0
       0
       0
       0
       0
       0
       0
       0
       0
       0
       0
       0
       0
       0
       0
       0
       0
       0
       0
       0
       0
       0
       0
       0
       0
       0
       0
       1
       1
       0
       0
       0
       0
       0
       0
       0
       0
       0
       0
       0
       0
       1
       0
       0
       0
       0
       0
       0
       0
       0
       0
       1
       0
       0
       0
       1
       0
       1
       0
       0
       0
       0
       1
       0
       0
       0
       1
       0
       1
       3
       0
       0
       3
       0
       1
       1
       1
       0
       0
       1
       0
       0
       1
       0
       0
       1
       0
       0
       0
       0
       0
       0
       0
       0
       0
       1
       1
       1
       0
       1
       0
       0
       0
       0
       1
       0
       0
       0
       0
       0
       0
       0
       0
       0
       1
       0
       0
       0
       0
       0
       0
       0
       0
       0
       0
       0
       0
       0
       0
       0
       0
       1
       0
       0
       0
       0
       0
       1
       0
       1
       3
       0
       1
       0
       0
       0
       0
       0
       0
       0
       0
       1
       0
       1
       0
       0
       0
       0
       0
       0
       0
       0
       0
       0
       0
       0
       0
       0
       0
       1
       0
       0
       0
       0
       0
       0
       0
       2
       0
       0
       1
       0
       0
       1
       1
       1
       1
       2
       4
       1
       3
       2
       1
       0
       2
       0
       1
       4
       1
       0
       0
       4
       0
       0
       1
       0
       0
       1
       0
       0
       0
       0
       0
       0
       0
       0
       0
       0
       0
       0
       1
       0
       0
       0
       0
       0
       0
       1
       0
       0
       0
       0
       0
       0
       0
       0
       0
       0
       0
       0
       0
       0
       0
       0
       0
       0
       0
       0
       0
       0
       0
       0
       1
       0
       0
       0
       0
       0
       0
       0
       0
       0
       1
       0
       0
       0
       1
       0
       0
       0
       0
       0
       0
       0
       0
       0
       1
       0
       0
       0
       0
       0
       0
       0
       0
       0
       0
       0
       0
       0
       1
       0
       0
       1
       0
       0
       0
       0
       0
       1
       0
       0
       0
       0
       0
       0
       0
       0
       0
       1
       0
       0
       0
       0
       0
       0
       0
       0
       0
       0
       0
       0
       2
       0
       0
       0
       0
       0
       1
       0
       0
       0
       0
       0
       1
       0
       0
       0
       0
       0
       0
       0
       0
       0
       0
       0
       0
       1
       0
       0
       0
       0
       0
       0
       0
       0
       0
       0
       0
       0
       0
       0
       1
       0
       0
       1
       1
       0
       0
       0
       0
       0
       0
       0
       0
       0
       0
       0
       0
       0
       0
       1
       0
       1
       1
       0
       0
       1
       0
       0
       0
       0
       0
       0
       1
       0
       0
       0
       0
       0
       0
       0
       0
       0
       0
       0
       0
       0
       0
       1
       1
       0
       0
       0
       2
       1
       0
       0
       1
       0
       1
       0
       0
       0
       0
       0
       0
       0
       0
       1
       0
       1
       1
       0
       0
       1
       0
       0
       0
       0
       0
       0
       0
       0
       0
       0
       0
       0
       0
       0
       0
       0
       0
       0
       0
       0
       0
       0
       0
       0
       0
       0
       0
       1
       1
       1
       0
       0
       0
       0
       0
       0
       1
       1
       0
       0
       0
       0
       0
       0
       0
       0
       0
       1
       0
       0
       0
       1
       0
       1
       0
       0
       0
       0
       1
       0
       0
       0
       0
       0
       0
       0
       0
       1
       0
       0
       0
       0
       1
       0
       0
       0
       0
       0
       0
       1
       0
       0
       0
       0
       0
       0
       1
       0
       0
       0
       0
       0
       1
       1
       0
       0
       0
       0
       0
       1
       1
       0
       1
       0
       1
       0
       0
       0
       0
       1
       0
       0
       0
       0
       0
       0
       0
       0
       0
       0
       0
       0
       1
       1
       1
       0
       1
       0
       0
       0
       0
       1
       0
       0
       0
       0
       1
       0
       0
       0
       0
       0
       0
       0
       0
       0
       0
       0
       0
       0
       0
       0
       0
       0
       1
       0
       0
       0
       0
       0
       0
       0
       0
       1
       0
       0
       0
       0
       0
       1
       0
       0
       0
       0
       0
       2
       0
       0
       0
       0
       0
       0
       0
       0
       1
       0
       0
       0
       0
       0
       1
       0
       0
       0
       0
       0
       1
       1
       0
       0
       0
       1
       0
       0
       0
       0
       0
       0
       1
       0
       0
       1
       0
       0
       0
       0
       0
       0
       0
       0
       1
       0
       0
       0
       0
       0
       0
       0
       0
       0
       0
       0
       0
       0
       0
       0
       1
       0
       2
       1
       0
       0
       0
       0
       0
       0
       0
       0
       2
       1
       0
       2
       2
       0
       4
       2
       5
       9
       9
      15
      10
      22
      13
      12
      12
      14
      16
      14
       4
       6
       6
       4
       1
       4
       2
       1
       0
       0
       1
       0
       0
       0
       0
       0
       0
       1
       0
       0
       1
       0
       1
       0
       0
       0
       0
       0
       0
       0
       0
       0
       0
       0
       0
       0
       0
       0
       0
       0
       0
       0
       0
       0
       0
       0
       0
       0
       1
       0
       0
       0
       0
       0
       0
       0
       0
       0
       0
       0
       0
       0
       0
       0
       0
       0
       0
       0
       0
       0
       0
       1
       0
       0
       0
       0
       0
       2
       0
       0
       0
       0
       0
       0
       0
       0
       0
       0
       0
       0
       1
       0
       0
       0
       0
       0
       1
       0
       0
       0
       0
       0
       0
       0
       1
       1
       0
       0
       0
       0
       0
       0
       0
       0
       2
       0
       0
       0
       0
       0
       0
       1
       0
       0
       0
       1
       0
       0
       0
       0
       0
       0
       0
       0
       0
       0
       0
       0
       0
       0
       0
       0
       0
       0
       0
       0
       0
       0
       0
       0
       0
       0
       0
       0
       1
       0
       0
       0
       0
       0
       0
       0
       1
       0
       0
       0
       0
       1
       0
       0
       0
       0
       0
       1
       0
       1
       0
       0
       0
       0
       1
       0
       0
       0
       0
       0
       0
       1
       0
       0
       0
       0
       0
       0
       0
       0
       0
       0
       1
       0
       0
       1
       0
       0
       0
       0
       1
       0
       0
       0
       0
       1
       0
       0
       0
       0
       0
       1
       0
       1
       0
       0
       1
       1
       0
       0
       0
       0
       0
       0
       1
       0
       0
       0
       0
       1
       0
       0
       0
       2
       0
       0
       0
       0
       0
       0
       0
       0
       1
       1
       0
       0
       0
       0
       0
       0
       0
       0
       1
       1
       0
       0
       0
       1
       0
       0
       0
       0
       0
       0
       1
       1
       0
       1
       0
       0
       0
       0
       0
       0
       0
       1
       1
       1
       0
       0
       0
       0
       1
       0
       0
       0
       0
       0
       0
       0
       0
       0
       2
       0
       0
       1
       0
       0
       0
       0
       0
       0
       0
       0
       0
       0
       0
       0
       1
       0
       1
       0
       0
       0
       1
       0
       1
       0
       0
       0
       0
       0
       1
       0
       0
       0
       0
       1
       0
       0
       0
       0
       0
       0
       0
       0
       0
       1
       0
       0
       0
       0
       0
       0
       0
       1
       0
       0
       0
       0
       0
       0
       0
       0
       0
       0
       0
       0
       0
       0
       1
       1
       1
       0
       0
       0
       0
       0
       0
       0
       0
       0
       0
       0
       0
       0
       0
       0
       0
       0
       0
       0
       1
       0
       1
       0
       0
       0
       0
       0
       0
       0
       0
       0
       0
       0
       1
       2
       0
       0
       0
       1
       0
       0
       0
       1
       0
       1
       1
       0
       0
       1
       0
       0
       0
       0
       0
       0
       0
       0
       0
       0
       0
       1
       0
       0
       0
       0
       0
       0
       0
       0
       0
       0
       0
       0
       1
       0
       1
       0
       0
       0
       0
       0
       0
       0
       0
       0
       0
       1
       0
       0
       0
       0
       0
       0
       1
       0
       0
       0
       0
       1
       2
       0
       0
       0
       0
       0
       0
       0
       0
       0
       0
       0
       0
       0
       0
       0
       0
       0
       0
       0
       0
       0
       1
       1
       1
       0
       1
       0
       0
       0
       0
       1
       0
       0
       0
       0
       0
       0
       0
       0
       0
       0
       0
       2
       0
       0
       0
       2
       1
       0
       0
       0
       1
       0
       0
       0
       1
       0
       1
       1
       1
       1
       0
       0
       0
       0
       0
       0
       0
       1
       0
       1
       0
       0
       0
       0
       0
       0
       0
       0
       0
       0
       0
       1
       0
       1
       0
       0
       1
       0
       0
       0
       0
       0
       0
       0
       0
       0
       0
       0
       1
       1
       0
       0
       0
       0
       0
       0
       0
       0
       0
       0
       0
       0
       0
       0
       0
       1
       0
       1
       0
       0
       0
       0
       1
       0
       0
       0
       0
       0
       0
       0
       1
       0
       0
       2
       0
       2
       0
       1
       0
       0
       0
       1
       0
       0
       1
       0
       0
       0
       1
       0
       0
       0
       0
       0
       0
       0
       1
       1
       0
       1
       2
       0
       1
       0
       0
       0
       0
       1
       0
       0
       1
       0
       0
       0
       0
       0
       0
       1
       1
       0
       0
       0
       0
       0
       0
       0
       0
       0
       0
       0
       1
       0
       0
       0
       0
       0
       0
       0
       1
       0
       0
       0
       1
       0
       1
       0
       0
       0
       0
       1
       0
       0
       0
       0
       0
       1
       0
       0
       1
       0
       0
       0
       0
       0
       0
       0
       0
       0
       0
       0
       1
       0
       0
       0
       1
       0
       0
       0
       0
       0
       0
       0
       0
       0
       0
       0
       0
       0
       0
       0
       1
       1
       0
       0
       1
       0
       0
       2
       0
       1
       1
       0
       0
       1
       0
       0
       0
       0
       0
       1
       0
       1
       0
       0
       0
       0
       0
       0
       0
       0
       0
       0
       0
       0
       0
       1
       1
       0
       0
       0
       0
       0
       0
       0
       0
       0
       0
       1
       0
       0
       1
       0
       0
       0
       0
       0
       0
       1
       0
       1
       0
       0
       0
       0
       0
       0
       0
       0
       0
       0
       1
       1
       0
       0
       0
       1
       1
       1
       1
       0
       0
       0
       0
       0
       1
       0
       0
       1
       0
       0
       0
       0
       0
       0
       0
       0
       0
       0
       0
       0
       0
       0
       0
       0
       0
       0
       1
       0
       0
       0
       1
       0
       0
       0
       0
       0
       0
       0
       0
       0
       0
       0
       0
       0
       0
       0
       0
       0
       0
       0
       0
       0
       0
       0
       0
       0
       0
       1
       0
       0
       0
       1
       1
       0
       0
       1
       0
       0
       1
       0
       1
       0
       0
       0
       0
       1
       0
       0
       1
       0
       0
       0
       0
       1
       0
       0
       0
       0
       0
       0
       0
       0
       0
       0
       0
       1
       0
       1
       0
       0
       1
       0
       0
       0
       0
       0
       0
       1
       0
       0
       0
       0
       0
       0
       1
       0
       0
       0
       0
       0
       1
       0
       0
       0
       0
       0
       0
       0
       1
       0
       0
       0
       0
       0
       0
       0
       0
       0
       0
       0
       0
       1
       0
       0
       0
       0
       0
       0
       0
       0
       0
       1
       0
       0
       0
       0
       0
       1
       1
       0
       0
       0
       0
       0
       0
       0
       0
       0
       0
       0
       0
       0
       0
       0
       0
       1
       1
       0
       0
       0
       0
       0
       1
       0
       0
       0
       0
       0
       0
       0
       0
       0
       0
       0
       0
       0
       0
       0
       0
       0
       0
       0
       0
       1
       0
       0
       0
       1
       0
       0
       1
       0
       0
       1
       0
       0
       0
       0
       0
       0
       0
       0
       0
       0
       0
       0
       0
       0
       0
       1
       0
       0
       1
       1
       0
       0
       0
       0
       2
       1
       1
       0
       0
       0
       1
       1
       0
       0
       0
       0
       1
       0
       0
       0
       0
       0
       0
       1
       0
       0
       0
       0
       0
       0
       0
       0
       1
       0
       0
       0
       0
       0
       0
       0
       0
       0
       0
       0
       0
       0
       0
       0
       0
       0
       0
       1
       0
       0
       1
       0
       0
       1
       0
       0
       0
       0
       0
       0
       0
       1
       0
       0
       0
       0
       0
       0
       0
       0
       0
       0
       0
       0
       0
       0
       0
       0
       0
       0
       0
       0
       1
       0
       0
       0
       0
       0
       0
       0
       1
       0
       0
       0
       0
       0
       0
       0
       0
       0
       1
       0
       0
       0
       1
       0
       0
       0
       0
       0
       0
       0
       1
       0
       1
       0
       0
       0
       0
       0
       0
       1
       0
       0
       0
       0
       1
       0
       1
       1
       0
       0
       0
       0
       0
       0
       0
       0
       0
       1
       0
       0
       1
       1
       0
       0
       0
       0
       0
       0
       0
       1
       0
       0
       0
       0
       1
       0
       0
       0
       0
       0
       0
       0
       0
       0
       0
       0
       0
       0
       0
       0
       0
       0
       0
       0
       0
       0
       0
       0
       0
       0
       0
       0
       0
       0
       0
       1
       0
       0
       0
       0
       0
       0
       0
       0
       0
       0
       0
       0
       0
       0
       0
       0
       0
       0
       0
       0
       0
       1
       0
       0
       0
       0
       0
       0
       0
       1
       0
       0
       0
       0
       0
       0
       0
       0
       0
       0
       0
       0
       0
       0
       0
       0
       0
       0
       0
       0
       0
       0
       1
       0
       1
       0
       0
       0
       0
       0
       0
       0
       0
       0
       1
       0
       0
       0
       0
       0
       0
       0
       0
       0
       1
       0
       0
       0
       0
       1
       0
       0
       0
       0
       0
       0
       0
       0
       0
       0
       0
       0
       0
       0
       0
       0
       0
       0
       0
       0
       0
       0
       0
       0
       0
       0
       0
       1
       1
       0
       0
       0
       0
       0
       0
       0
       0
       0
       0
       1
       0
       0
       0
       0
       0
       0
       0
       0
       0
       0
       0
       0
       0
       1
       0
       1
       0
       0
       0
       0
       0
       0
       0
       0
       0
       0
       0
       0
       0
       1
       0
       0
       0
       0
       0
       0
       0
       0
       0
       0
       0
       0
       0
       0
       0
       0
       0
       0
       0
       0
       0
       0
       0
       0
       0
       0
       0
       0
       0
       0
       0
       0
       0
       0
       0
       0
       1
       0
       0
       0
       0
       0
       0
       0
       1
       0
       1
       0
       0
       0
       0
       0
       0
       0
       0
       0
       0
       0
       0
       0
       0
       0
       0
       0
       0
       0
       0
       0
       0
       0
       0
       0
       0
       0
       0
       0
       0
       0
       0
       0
       0
       0
       0
       0
       0
       0
       0
       0
       0
       0
       0
       0
       1
       0
       0
       0
       0
       0
       0
       0
       0
       0
       0
       0
       0
       0
       0
       0
       0
       0
       0
       0
       0
       0
       0
       0
       0
       0
       0
       0
       0
       0
       0
       0
       0
       0
       0
       0
       0
       0
       0
       0
       1
       0
       0
       0
       0
       0
       0
       0
       0
       0
       0
       0
       0
$ROI:
7
2503 2624
4209 4291
5181 5252
9052 9127
10545 10668
12603 12725
13302 13375
$PRESETS:
Live Time
600
0
$ENER_FIT:
-0.095008 0.199753
$MCA_CAL:
3
-9.500837E-002 1.997529E-001 -8.172265E-008
$SHAPE_CAL:
3
2.998052E+000 1.653835E-003 -1.547680E-007
